3c82f9ae12,77442528fa,0bbbb8e1ec,
3c82f9ae12,77442528fa,0bbbb8e1ec,
826f0580a6,fe5107eab3,18df55c46a,
b4caee80a3,26f493c863,2366a791bc,
9ee1ff2435,57e276328e,24e829cc54,
3f8f2b09af,b3cf12388f,26f493c863,
7a27b04d50,7dd6c6b442,28cee48bb9,
ff7a0db099,f24d28c4ac,4235ab34b1,
3218b25974,a128ecf35b,4684322817,
2c8fd7fb95,4902c3ef48,57e276328e,
557777dd37,24e829cc54,77442528fa,
70d9106644,e8cb433bcf,7dd6c6b442,
04385b7fb9,18df55c46a,7f2a9073b5,
b24fbf44f3,ac59cba105,7fa26ecf83,
8d2adf521d,e1951c97de,8179f2447a,
32dcc6eb89,fdf245caa9,8300dab43e,
ecfaf8f3e7,ee2616c27d,8871fab7fe,
d9b6794e2f,32836fb767,8a0d62942d,
423fed79a9,760bbd6890,a128ecf35b,
acdb0054d5,13f03d52c3,a656f91dcb,
02efb19aad,8f0ff017ba,a737459cbc,
d5701fc912,4235ab34b1,ae611d7767,
980e73c368,8f7fa63d7b,b3cf12388f,
ebefee0b7d,01d4b30192,bb0b53b8ab,
dee074dcde,2366a791bc,c183c002f3,
84b0919a11,8a0d62942d,c765ca0901,
3acd77a154,4684322817,dda8dc82f6,
40b5282ec2,0bbbb8e1ec,f24d28c4ac,
17e498c11f,8871fab7fe,fe5107eab3,
3acd77a154,4684322817,dda8dc82f6,
819a32a9eb,50a4a64f9d,failed,
3acd77a154,4684322817,dda8dc82f6,
2c8fd7fb95,4902c3ef48,failed,
2c8fd7fb95,4902c3ef48,failed,
2c8fd7fb95,4902c3ef48,57e276328e,
2c8fd7fb95,c765ca0901,57e276328e,
653eb5f66e,c765ca0901,failed,
45fccc5906,4684322817,failed,
015af6d108,18df55c46a,failed,
966fa800f8,8f7fa63d7b,failed,
966fa800f8,4235ab34b1,52b45de7d2,
d884a946c8,52b45de7d2,failed,
9bdb37a9b0,2366a791bc,failed,
9bdb37a9b0,2366a791bc,failed,
9bdb37a9b0,2366a791bc,c183c002f3,
63290babde,26f493c863,2366a791bc,
027b2bc38d,b3cf12388f,26f493c863,
d884a946c8,8f7fa63d7b,b3cf12388f,
d5701fc912,f24d28c4ac,4235ab34b1,
4391bc2977,0bbbb8e1ec,f24d28c4ac,
01432ffc5a,77442528fa,0bbbb8e1ec,
f70895ede5,24e829cc54,77442528fa,
214179b6b9,57e276328e,24e829cc54,
653eb5f66e,4902c3ef48,da3ac530cf,
2c8fd7fb95,e1951c97de,57e276328e,
0f19332618,8a0d62942d,c765ca0901,
1388f6bc83,32836fb767,1e3242bf54,
d9b6794e2f,01d4b30192,8a0d62942d,
ebefee0b7d,fdf245caa9,bb0b53b8ab,
d731854d5a,a128ecf35b,4684322817,
4208c44939,760bbd6890,a128ecf35b,
da869a470b,13f03d52c3,a656f91dcb,
a4143ded64,8f0ff017ba,a737459cbc,
1da65558d0,ac59cba105,7fa26ecf83,
8a3c9cafb9,fe5107eab3,18df55c46a,
0199228784,8871fab7fe,fe5107eab3,
54ff38aa5f,ee2616c27d,8871fab7fe,
d884a946c8,52b45de7d2,b3cf12388f,
3c0e575fe0,28cee48bb9,3f003ab677,
49f41a6224,7dd6c6b442,28cee48bb9,
ea9a417371,e8cb433bcf,7dd6c6b442,
b762567174,50a4a64f9d,failed,
17b8880983,0a7280a34f,failed,
54ff38aa5f,3f003ab677,8871fab7fe,
b9c4a7e51d,4b912615b2,50a4a64f9d,
37fd128f9f,8db7b9a276,2ce01fa408,
7d5b6cf097,aacd10b8f4,8db7b9a276,
6e408ee402,441cdd2a37,a71702202b,
b9b7f97d42,81a3b16f21,failed,
4b28d21fc2,18df55c46a,failed,
4b28d21fc2,18df55c46a,ac59cba105,
a4143ded64,7fa26ecf83,failed,
e61cbdab4c,4684322817,fdf245caa9,
d9b6794e2f,bb0b53b8ab,cf51fecc14,
b9c4a7e51d,2ce01fa408,50a4a64f9d,
1388f6bc83,cf51fecc14,failed,
17b8880983,50a4a64f9d,50a4a64f9d,
c8d77b83de,50a4a64f9d,failed,
5af1c123ad,50a4a64f9d,failed,
653eb5f66e,57e276328e,4763f41663,
214179b6b9,da3ac530cf,24e829cc54,
0f19332618,1e3242bf54,c765ca0901,
214179b6b9,4763f41663,24e829cc54,
1388f6bc83,cf51fecc14,failed,
ebefee0b7d,bb0b53b8ab,failed,
ebefee0b7d,fdf245caa9,bb0b53b8ab,
d9b6794e2f,32836fb767,failed,
d9b6794e2f,32836fb767,32836fb767,
d9b6794e2f,32836fb767,32836fb767,
d9b6794e2f,bb0b53b8ab,3ab58d8093,
1388f6bc83,3ab58d8093,fad3c553bf,
966fa800f8,4235ab34b1,8f7fa63d7b,
b9c4a7e51d,4b912615b2,0a7280a34f,
b9c4a7e51d,2ce01fa408,ea04fd0bad,
17b8880983,ea04fd0bad,50a4a64f9d,
0f19332618,fad3c553bf,128c1c916c,
da869a470b,a737459cbc,a656f91dcb,
4208c44939,a656f91dcb,a128ecf35b,
2c8fd7fb95,128c1c916c,61bc2154c2,
2c8fd7fb95,e1951c97de,4902c3ef48,
d9b6794e2f,01d4b30192,32836fb767,
653eb5f66e,61bc2154c2,failed,
2c8fd7fb95,128c1c916c,61bc2154c2,
d9b6794e2f,bb0b53b8ab,3ab58d8093,
3c0e575fe0,28cee48bb9,ee2616c27d,
2c8fd7fb95,128c1c916c,61bc2154c2,
7d5b6cf097,a71702202b,8db7b9a276,
2c8fd7fb95,128c1c916c,61bc2154c2,
bfb981d465,c04f6ee650,failed,
02e4fe0b1c,eac515fa96,failed,
a3596d953d,1f32002ab5,e0a04d4eb7,
02e4fe0b1c,e0a04d4eb7,failed,
291bb84c97,b63b6ca0b2,5093af6a28,
9dcf07203e,4e1532875b,b63b6ca0b2,
11a9d2ee4b,da5f33233f,4e1532875b,
504336822f,e7a19019e8,da5f33233f,
88ee503f02,883e1ba77a,e7a19019e8,
ebefee0b7d,fdf245caa9,bb0b53b8ab,
ebefee0b7d,fdf245caa9,01d4b30192,
b0a305f19f,1eb6980fcd,failed,
eef928b98d,4b4cf6677b,1eb6980fcd,
ecf0459122,c183c002f3,e4275f419a,
eef928b98d,e4275f419a,9ccf6ae119,
b0a305f19f,9ccf6ae119,failed,
630f1d0540,070a1c4b9f,4b4cf6677b,
ae9417f825,c183c002f3,070a1c4b9f,
b0a305f19f,1eb6980fcd,883e1ba77a,
38fd61ddd7,13f03d52c3,760bbd6890,
f183c1ac0b,8f0ff017ba,13f03d52c3,
c8a545ec37,ac59cba105,8f0ff017ba,
1ecaa9a246,441cdd2a37,aacd10b8f4,
c8d77b83de,50a4a64f9d,failed,
a3596d953d,1f32002ab5,eac515fa96,
9daaadb154,81a3b16f21,441cdd2a37,
cbf846bdca,c04f6ee650,81a3b16f21,
793cb2b8e3,eac515fa96,failed,
46df6142a6,d4b911edcd,1f32002ab5,
6e821de11a,4fab1891a5,58e24a51ad,
71cfbb26de,7c9aec514b,4fab1891a5,
46df6142a6,58e24a51ad,1f32002ab5,
da121a3c9f,50a4a64f9d,failed,
0d8bd4924b,8db7b9a276,failed,
da121a3c9f,e8cb433bcf,e63655eaf5,
17b8880983,0a7280a34f,50a4a64f9d,
793cb2b8e3,eac515fa96,failed,
6c1db3887e,eac515fa96,c04f6ee650,
3df8ead351,eac515fa96,c04f6ee650,
74e7886ce7,5da90e70c7,7c9aec514b,
855a762bcb,178164e099,5da90e70c7,
79a9f6759a,070a9e47ce,178164e099,
35e374350c,b3f97d9288,e73c5d5f32,
76bebe745f,b3f97d9288,070a9e47ce,
ea9a417371,c41e2f6047,7dd6c6b442,
767dd65d9c,cc81b35525,c41e2f6047,
411c535c58,50a4a64f9d,cc81b35525,
0d8bd4924b,8db7b9a276,4b912615b2,
f64d14ea54,35583b4a50,failed,
f64d14ea54,35583b4a50,b3f97d9288,
770235855f,185022f977,6a1cc50e71,
dcdc3db3d4,5b6b24fcd8,185022f977,
39286862e3,3bf84fe8e8,5b6b24fcd8,
dfde4ee3aa,c5523dc460,3bf84fe8e8,
7294646eb9,5093af6a28,09eb59ea13,
dfde4ee3aa,09eb59ea13,3bf84fe8e8,
7545b85512,4f86eb0d50,35583b4a50,
59bf220934,59bdb4244a,4f86eb0d50,
58ed6b9630,ac6cfc9b6d,e4c48cb9ec,
59bf220934,e4c48cb9ec,4f86eb0d50,
239ade80dc,77f7a2a6f8,4cfc11d782,
c8b72beb4d,6a1cc50e71,77f7a2a6f8,
834b515592,58cae779ac,a5176a1b52,
58ed6b9630,a5176a1b52,e4c48cb9ec,
77de817960,963a55f809,7b6f76752a,
834b515592,7b6f76752a,a5176a1b52,
b882ebcf4a,9effca6e29,d3778ffb5d,
77de817960,d3778ffb5d,7b6f76752a,
6383af0595,fbc640f2f1,9effca6e29,
271ae5b8e5,eb20a15195,fbc640f2f1,
488bfe2128,ecdb849c30,705e6cd969,
61a8695ab1,c9f6225297,ecdb849c30,
3a63b72eea,77fc0dbfb4,29c787751e,
4bd75825b4,e055e2075a,6f188d4492,
3a63b72eea,6f188d4492,29c787751e,
819848a0db,cc90b3eb35,f3966c820a,
e5b1c87606,2ade2f70de,0dda96a145,
819848a0db,0dda96a145,bde6426ef1,
da21ef4fe8,0e450e6671,4ea07a8273,
e5b1c87606,4ea07a8273,4c317d4725,
819848a0db,4c317d4725,bde6426ef1,
e4e6601546,ae48c0af32,d9a6c69319,
da21ef4fe8,d9a6c69319,6c5cdcedfc,
e5b1c87606,6c5cdcedfc,4c317d4725,
a8922622d4,bde6426ef1,fea7e79ebe,
653e445865,1b6eb1bf38,5d6e68fa43,
1d26e3030a,c9f6225297,ecdb849c30,
8ac31f7b76,17bd3de896,17bd3de896,
57c3b8f8be,17bd3de896,failed,https://github.com/nomeata/lean-stage0-audit/actions/runs/9164597728
fc259ec6ff,e055e2075a,failed,
fc259ec6ff,e055e2075a,e055e2075a,
fc259ec6ff,fea7e79ebe,failed,
fc259ec6ff,fea7e79ebe,e055e2075a,
d1b3ba18e0,705e6cd969,1b6eb1bf38,
9fbde90403,17bd3de896,eb20a15195,https://github.com/nomeata/lean-stage0-audit/actions/runs/9164842956
d60a8ffd4c,5d6e68fa43,17bd3de896,https://github.com/nomeata/lean-stage0-audit/actions/runs/9165038742
bbc5c4a6b2,77fc0dbfb4,f6df5d5219,https://github.com/nomeata/lean-stage0-audit/actions/runs/9165627740
cc86206893,e055e2075a,77fc0dbfb4,https://github.com/nomeata/lean-stage0-audit/actions/runs/9165879980
a8922622d4,9283adab92,fea7e79ebe,https://github.com/nomeata/lean-stage0-audit/actions/runs/9166177051
8037a8733d,bdde9c8619,54eb770439,https://github.com/nomeata/lean-stage0-audit/actions/runs/9166375308
e4e6601546,54eb770439,09c6f0275d,https://github.com/nomeata/lean-stage0-audit/actions/runs/9166978461
da21ef4fe8,09c6f0275d,6c5cdcedfc,https://github.com/nomeata/lean-stage0-audit/actions/runs/9167584400
8db28ac32f,d17eac89d3,a54ae71f58,https://github.com/nomeata/lean-stage0-audit/actions/runs/9167862579
8037a8733d,a54ae71f58,452b647aff,https://github.com/nomeata/lean-stage0-audit/actions/runs/9168007168
e4e6601546,452b647aff,09c6f0275d,https://github.com/nomeata/lean-stage0-audit/actions/runs/9168234768
578a2308b1,42da06501e,d17eac89d3,https://github.com/nomeata/lean-stage0-audit/actions/runs/9168428488
578a2308b1,b6faa2f216,d17eac89d3,https://github.com/nomeata/lean-stage0-audit/actions/runs/9168880467
4e5ce6b65d,629c77cf0e,832d759601,https://github.com/nomeata/lean-stage0-audit/actions/runs/9169383351
b5122b6a7b,832d759601,b396312a7a,https://github.com/nomeata/lean-stage0-audit/actions/runs/9178098700
7c10415cd8,b396312a7a,02642c14ac,https://github.com/nomeata/lean-stage0-audit/actions/runs/9178153387
578a2308b1,02642c14ac,d17eac89d3,https://github.com/nomeata/lean-stage0-audit/actions/runs/9178569803
22841844a7,f6df5d5219,c9f6225297,https://github.com/nomeata/lean-stage0-audit/actions/runs/9178903520
7c10415cd8,f9f98a56bf,b6faa2f216,https://github.com/nomeata/lean-stage0-audit/actions/runs/9179392078
b5122b6a7b,579c436a19,f9f98a56bf,https://github.com/nomeata/lean-stage0-audit/actions/runs/9179708533
610fa69f15,817260c934,f14be2b696,https://github.com/nomeata/lean-stage0-audit/actions/runs/9180101570
4e5ce6b65d,f14be2b696,700d52d0c5,https://github.com/nomeata/lean-stage0-audit/actions/runs/9180408364
b5122b6a7b,700d52d0c5,e340f460c2,https://github.com/nomeata/lean-stage0-audit/actions/runs/9180838233
7c10415cd8,e340f460c2,02642c14ac,https://github.com/nomeata/lean-stage0-audit/actions/runs/9181109672
6155513c60,4cfc11d782,872de04ad9,https://github.com/nomeata/lean-stage0-audit/actions/runs/9181516034
0bc8fe48e3,d2a29d7832,836888d512,https://github.com/nomeata/lean-stage0-audit/actions/runs/9181797707
610fa69f15,836888d512,8672db1c07,https://github.com/nomeata/lean-stage0-audit/actions/runs/9182127738
4e5ce6b65d,8672db1c07,700d52d0c5,https://github.com/nomeata/lean-stage0-audit/actions/runs/9182376407
88801166b6,516b2c1db6,90705103b4,https://github.com/nomeata/lean-stage0-audit/actions/runs/9182694152
0bc8fe48e3,90705103b4,263adf2244,https://github.com/nomeata/lean-stage0-audit/actions/runs/9182898994
610fa69f15,263adf2244,8672db1c07,https://github.com/nomeata/lean-stage0-audit/actions/runs/9183508551
d841ef5eb5,af46298525,6562597df4,https://github.com/nomeata/lean-stage0-audit/actions/runs/9184118634
88801166b6,6562597df4,d172a9a5a2,https://github.com/nomeata/lean-stage0-audit/actions/runs/9184398452
0bc8fe48e3,d172a9a5a2,263adf2244,https://github.com/nomeata/lean-stage0-audit/actions/runs/9184539324
6fd7350c7b,c710d85e9e,ed2da15fca,https://github.com/nomeata/lean-stage0-audit/actions/runs/9184772715
d841ef5eb5,ed2da15fca,a731b3f14d,https://github.com/nomeata/lean-stage0-audit/actions/runs/9184962058
88801166b6,a731b3f14d,d172a9a5a2,https://github.com/nomeata/lean-stage0-audit/actions/runs/9185231260
23f2314da7,5f96833fab,5d15d52b0f,https://github.com/nomeata/lean-stage0-audit/actions/runs/9185414509
6fd7350c7b,5d15d52b0f,a67b1459b8,https://github.com/nomeata/lean-stage0-audit/actions/runs/9185685035
d841ef5eb5,a67b1459b8,a731b3f14d,https://github.com/nomeata/lean-stage0-audit/actions/runs/9185908688
fdc52e0ea9,21b4dc54b3,5f96833fab,https://github.com/nomeata/lean-stage0-audit/actions/runs/9186249800
bddb2152e5,fab9341a03,6d79d0e08b,https://github.com/nomeata/lean-stage0-audit/actions/runs/9186513848
fdc52e0ea9,6d79d0e08b,ce858776d3,https://github.com/nomeata/lean-stage0-audit/actions/runs/9186893120
23f2314da7,ce858776d3,5d15d52b0f,https://github.com/nomeata/lean-stage0-audit/actions/runs/9187206650
a2226a43ac,cf0f00faea,57d3866f64,https://github.com/nomeata/lean-stage0-audit/actions/runs/9187731553
bddb2152e5,57d3866f64,6d79d0e08b,https://github.com/nomeata/lean-stage0-audit/actions/runs/9188065999
104c92d4f3,2ff8821589,cf0f00faea,https://github.com/nomeata/lean-stage0-audit/actions/runs/9188559666
5cd90f5826,b065d2717e,2ff8821589,https://github.com/nomeata/lean-stage0-audit/actions/runs/9188903711
00359a0347,63e5e1509c,b065d2717e,https://github.com/nomeata/lean-stage0-audit/actions/runs/9189401586
6d23450642,ace1446f7a,63e5e1509c,https://github.com/nomeata/lean-stage0-audit/actions/runs/9189752067
3025a4a9a1,edecc183fb,ace1446f7a,https://github.com/nomeata/lean-stage0-audit/actions/runs/9190173947
79251f5fa2,e07e289b7e,8436b5370c,https://github.com/nomeata/lean-stage0-audit/actions/runs/9190530210
3025a4a9a1,8436b5370c,ace1446f7a,https://github.com/nomeata/lean-stage0-audit/actions/runs/9191121944
0adca630cc,fe6df5323a,e07e289b7e,https://github.com/nomeata/lean-stage0-audit/actions/runs/9191596270
37362658ab,fe89525eee,fe6df5323a,https://github.com/nomeata/lean-stage0-audit/actions/runs/9191972659
4bd0525a99,ef8379288a,a744d6ba47,https://github.com/nomeata/lean-stage0-audit/actions/runs/9192324970
37362658ab,a744d6ba47,b11e19f262,https://github.com/nomeata/lean-stage0-audit/actions/runs/9192879266
0adca630cc,b11e19f262,e07e289b7e,https://github.com/nomeata/lean-stage0-audit/actions/runs/9193304709
262f213391,23205a5da0,2ea7f18255,https://github.com/nomeata/lean-stage0-audit/actions/runs/9193897361
4bd0525a99,2ea7f18255,a744d6ba47,https://github.com/nomeata/lean-stage0-audit/actions/runs/9194258908
59d3b3d85a,f0651ee9d3,23205a5da0,https://github.com/nomeata/lean-stage0-audit/actions/runs/9194809013
cfe5a5f188,b7eee6a501,failed,https://github.com/nomeata/lean-stage0-audit/actions/runs/9195155088
05669221d4,b7eee6a501,60afb9eac7,https://github.com/nomeata/lean-stage0-audit/actions/runs/9195546107
59d3b3d85a,60afb9eac7,23205a5da0,https://github.com/nomeata/lean-stage0-audit/actions/runs/9195881951
af301fac55,1eb16d7d79,b7eee6a501,https://github.com/nomeata/lean-stage0-audit/actions/runs/9196349961
a53ec40df1,6f2605ebcd,1eb16d7d79,https://github.com/nomeata/lean-stage0-audit/actions/runs/9196648021
08c47b2d61,88fb21b899,6f2605ebcd,https://github.com/nomeata/lean-stage0-audit/actions/runs/9197025252
6c5f79c0df,7d09507069,88fb21b899,https://github.com/nomeata/lean-stage0-audit/actions/runs/9197328559
e0802d2dea,2850a88eed,6f02b45d95,https://github.com/nomeata/lean-stage0-audit/actions/runs/9197750991
6c5f79c0df,6f02b45d95,6f2605ebcd,https://github.com/nomeata/lean-stage0-audit/actions/runs/9198029300
08c47b2d61,6f2605ebcd,6f2605ebcd,https://github.com/nomeata/lean-stage0-audit/actions/runs/9198434230
7dc1618ca5,50b2a40587,b37fcb01fc,https://github.com/nomeata/lean-stage0-audit/actions/runs/9198686231
e0802d2dea,b37fcb01fc,9d77e646fd,https://github.com/nomeata/lean-stage0-audit/actions/runs/9199024420
6c5f79c0df,9d77e646fd,6f2605ebcd,https://github.com/nomeata/lean-stage0-audit/actions/runs/9199269115
dc60150b5a,77ac1fa92a,50b2a40587,https://github.com/nomeata/lean-stage0-audit/actions/runs/9199585673
4114ffa273,5d4ea95b71,77ac1fa92a,https://github.com/nomeata/lean-stage0-audit/actions/runs/9199787953
b2d668c340,5a0c098572,5d4ea95b71,https://github.com/nomeata/lean-stage0-audit/actions/runs/9200387892
c2a5730bc9,6f88b72a8c,5a0c098572,https://github.com/nomeata/lean-stage0-audit/actions/runs/9200990243
6c0baf4aed,ed9677719d,6f88b72a8c,https://github.com/nomeata/lean-stage0-audit/actions/runs/9201266735
beddf011d7,77ce9e3a21,ed9677719d,https://github.com/nomeata/lean-stage0-audit/actions/runs/9201406587
fac9e64cdf,d6748358be,77ce9e3a21,https://github.com/nomeata/lean-stage0-audit/actions/runs/9201628188
d90176af71,b4d6fe48a1,b4ed74489f,https://github.com/nomeata/lean-stage0-audit/actions/runs/9201817903
fac9e64cdf,b4ed74489f,2ea396dfe8,https://github.com/nomeata/lean-stage0-audit/actions/runs/9202093013
beddf011d7,2ea396dfe8,ed9677719d,https://github.com/nomeata/lean-stage0-audit/actions/runs/9202279276
8de1c0786c,1faf631e98,634aeba4bf,https://github.com/nomeata/lean-stage0-audit/actions/runs/9202560334
d90176af71,634aeba4bf,e80d1f280d,https://github.com/nomeata/lean-stage0-audit/actions/runs/9202774756
fac9e64cdf,e80d1f280d,2ea396dfe8,https://github.com/nomeata/lean-stage0-audit/actions/runs/9203129200
96c59ccced,4d97ab8951,070c704ec4,https://github.com/nomeata/lean-stage0-audit/actions/runs/9203382224
8de1c0786c,070c704ec4,634aeba4bf,https://github.com/nomeata/lean-stage0-audit/actions/runs/9203732504
26877c42ae,8a957b7a7f,4d97ab8951,https://github.com/nomeata/lean-stage0-audit/actions/runs/9204030168
19d266e0c5,2a83aab87a,8a957b7a7f,https://github.com/nomeata/lean-stage0-audit/actions/runs/9204525846
d5348dfac8,578d34bc0a,2a83aab87a,https://github.com/nomeata/lean-stage0-audit/actions/runs/9204841826
0c624d8023,983a4d92d0,578d34bc0a,https://github.com/nomeata/lean-stage0-audit/actions/runs/9205355211
43f6d0a761,122877e693,983a4d92d0,https://github.com/nomeata/lean-stage0-audit/actions/runs/9205670083
d58f552b84,c33b56182d,e9ad5fad46,https://github.com/nomeata/lean-stage0-audit/actions/runs/9206175496
43f6d0a761,e9ad5fad46,68be1f47e4,https://github.com/nomeata/lean-stage0-audit/actions/runs/9206512906
0c624d8023,68be1f47e4,578d34bc0a,https://github.com/nomeata/lean-stage0-audit/actions/runs/9206929694
c327a61d33,c79d42fbb9,c33b56182d,https://github.com/nomeata/lean-stage0-audit/actions/runs/9207250779
97b4143e14,83c8f27fbf,c79d42fbb9,https://github.com/nomeata/lean-stage0-audit/actions/runs/9207807642
9d013ba3f5,807eb739dd,83c8f27fbf,https://github.com/nomeata/lean-stage0-audit/actions/runs/9208265429
ce4dc2388e,2ecf62b5ed,807eb739dd,https://github.com/nomeata/lean-stage0-audit/actions/runs/9208638604
57e30b670e,afa45d68d0,2ecf62b5ed,https://github.com/nomeata/lean-stage0-audit/actions/runs/9208988053
62812177cb,52ebdd53a2,afa45d68d0,https://github.com/nomeata/lean-stage0-audit/actions/runs/9209526073
d74d4230b7,a33ddcf433,775dd970fb,https://github.com/nomeata/lean-stage0-audit/actions/runs/9209931945
62812177cb,775dd970fb,9421ab668f,https://github.com/nomeata/lean-stage0-audit/actions/runs/9210501952
57e30b670e,9421ab668f,2ecf62b5ed,https://github.com/nomeata/lean-stage0-audit/actions/runs/9210852093
ba629545cc,872de04ad9,064957c11a,https://github.com/nomeata/lean-stage0-audit/actions/runs/9211385460
5424386c0d,a20e4d1df0,a33ddcf433,https://github.com/nomeata/lean-stage0-audit/actions/runs/9211707781
b83e185c79,8087c8ae10,a20e4d1df0,https://github.com/nomeata/lean-stage0-audit/actions/runs/9212107184
53ff517a92,9e8ef2f9cd,8087c8ae10,https://github.com/nomeata/lean-stage0-audit/actions/runs/9212407452
4e02c55766,d4074a8809,9e8ef2f9cd,https://github.com/nomeata/lean-stage0-audit/actions/runs/9212857062
4fa8d003d8,4306e00bae,d4074a8809,https://github.com/nomeata/lean-stage0-audit/actions/runs/9213147438
c83e33b06a,28a2db4c90,3797c5f5d4,https://github.com/nomeata/lean-stage0-audit/actions/runs/9213526197
4fa8d003d8,3797c5f5d4,0fa94f4a75,https://github.com/nomeata/lean-stage0-audit/actions/runs/9213814855
4e02c55766,0fa94f4a75,9e8ef2f9cd,https://github.com/nomeata/lean-stage0-audit/actions/runs/9214225326
95467dfab7,547348e84d,28a2db4c90,https://github.com/nomeata/lean-stage0-audit/actions/runs/9214505878
2a36cf42d2,82e2197053,547348e84d,https://github.com/nomeata/lean-stage0-audit/actions/runs/9214889882
6bc919742e,9083692549,82e2197053,https://github.com/nomeata/lean-stage0-audit/actions/runs/9215165889
17855b6e90,26d0637208,9083692549,https://github.com/nomeata/lean-stage0-audit/actions/runs/9215501098
027bf6e140,43abd15b8d,26d0637208,https://github.com/nomeata/lean-stage0-audit/actions/runs/9215747620
9056824be5,605ecdfd0d,failed,https://github.com/nomeata/lean-stage0-audit/actions/runs/9216052424
14d37739c7,df4b0af958,605ecdfd0d,https://github.com/nomeata/lean-stage0-audit/actions/runs/9216250615
6f5bd3ccb6,3fb5963503,df4b0af958,https://github.com/nomeata/lean-stage0-audit/actions/runs/9216834090
8a012c83d3,986e9f0553,3fb5963503,https://github.com/nomeata/lean-stage0-audit/actions/runs/9217444100
fea819bf3c,a23bdd21eb,986e9f0553,https://github.com/nomeata/lean-stage0-audit/actions/runs/9217716661
d44b70c24b,2e4b566419,a23bdd21eb,https://github.com/nomeata/lean-stage0-audit/actions/runs/9217852951
c370256870,3e92b1375f,2e4b566419,https://github.com/nomeata/lean-stage0-audit/actions/runs/9218074373
791fc70dd9,f4c4580824,3e92b1375f,https://github.com/nomeata/lean-stage0-audit/actions/runs/9218257512
64ec4106c3,a037d1fd71,f4c4580824,https://github.com/nomeata/lean-stage0-audit/actions/runs/9218528527
da6efe1bca,572093157a,a037d1fd71,https://github.com/nomeata/lean-stage0-audit/actions/runs/9218706301
260387d626,fe4e104492,4c3d19d502,https://github.com/nomeata/lean-stage0-audit/actions/runs/9218962956
da6efe1bca,4c3d19d502,51f7c588dd,https://github.com/nomeata/lean-stage0-audit/actions/runs/9219176062
64ec4106c3,51f7c588dd,f4c4580824,https://github.com/nomeata/lean-stage0-audit/actions/runs/9219514607
7e193a45ce,8fdc8f68ad,fe4e104492,https://github.com/nomeata/lean-stage0-audit/actions/runs/9219750451
afa567fc09,44bb83d141,8fdc8f68ad,https://github.com/nomeata/lean-stage0-audit/actions/runs/9220080510
ab59cce346,5cb4447f00,44bb83d141,https://github.com/nomeata/lean-stage0-audit/actions/runs/9220362229
65caa8f2c4,e06c7a45d5,5cb4447f00,https://github.com/nomeata/lean-stage0-audit/actions/runs/9220809501
32b6bd0d8b,f914510a24,e06c7a45d5,https://github.com/nomeata/lean-stage0-audit/actions/runs/9221098658
2cd11d22af,82064fcd29,a713e99c60,https://github.com/nomeata/lean-stage0-audit/actions/runs/9221550644
32b6bd0d8b,a713e99c60,57f3896ee2,https://github.com/nomeata/lean-stage0-audit/actions/runs/9221852775
65caa8f2c4,57f3896ee2,5cb4447f00,https://github.com/nomeata/lean-stage0-audit/actions/runs/9222305316
02d8a5d56e,1dcf964ec5,82064fcd29,https://github.com/nomeata/lean-stage0-audit/actions/runs/9222614693
65fc6db504,cb912b2c0e,1dcf964ec5,https://github.com/nomeata/lean-stage0-audit/actions/runs/9222987358
60802d83af,c71eb4b1fa,cb912b2c0e,https://github.com/nomeata/lean-stage0-audit/actions/runs/9223279106
d9243e07f9,8d8bf3863c,c71eb4b1fa,https://github.com/nomeata/lean-stage0-audit/actions/runs/9223779339
181a065d1b,7306aae59f,8d8bf3863c,https://github.com/nomeata/lean-stage0-audit/actions/runs/9224187967
33045433d2,afa1859b10,7306aae59f,https://github.com/nomeata/lean-stage0-audit/actions/runs/9224521489
bac4774b75,a79bd76145,afa1859b10,https://github.com/nomeata/lean-stage0-audit/actions/runs/9224844327
6211de92f0,819715e52a,a79bd76145,https://github.com/nomeata/lean-stage0-audit/actions/runs/9225315254
39808d4eef,752d38d032,819715e52a,https://github.com/nomeata/lean-stage0-audit/actions/runs/9225657387
0818cdc411,c869f82e70,752d38d032,https://github.com/nomeata/lean-stage0-audit/actions/runs/9226134782
8b8fc64fa0,d779f5cd8f,d046d37899,https://github.com/nomeata/lean-stage0-audit/actions/runs/9226434511
0818cdc411,d046d37899,752d38d032,https://github.com/nomeata/lean-stage0-audit/actions/runs/9226889303
e412edc0f6,0a0dfbadf3,d779f5cd8f,https://github.com/nomeata/lean-stage0-audit/actions/runs/9227173428
c02955141b,75f74a4751,0a0dfbadf3,https://github.com/nomeata/lean-stage0-audit/actions/runs/9227531211
e86b8c65a8,7c580b3739,5aae450c6f,https://github.com/nomeata/lean-stage0-audit/actions/runs/9227815862
c02955141b,5aae450c6f,0a0dfbadf3,https://github.com/nomeata/lean-stage0-audit/actions/runs/9228213614
0e7afae1da,9216aa0e8b,7c580b3739,https://github.com/nomeata/lean-stage0-audit/actions/runs/9228477083
7b49156270,4bdfe31915,9216aa0e8b,https://github.com/nomeata/lean-stage0-audit/actions/runs/9228793059
774a555d3e,6ea6389791,4bdfe31915,https://github.com/nomeata/lean-stage0-audit/actions/runs/9229040840
ab262abdaa,123150c071,6ea6389791,https://github.com/nomeata/lean-stage0-audit/actions/runs/9229314312
ab262abdaa,123150c071,6ea6389791,https://github.com/nomeata/lean-stage0-audit/actions/runs/9229383202
9056824be5,605ecdfd0d,failed,
3b52b36c99,605ecdfd0d,71c32bd9b6,
2e44cf9127,605ecdfd0d,71c32bd9b6,https://github.com/nomeata/lean-stage0-audit/actions/runs/9229592311
027bf6e140,71c32bd9b6,26d0637208,https://github.com/nomeata/lean-stage0-audit/actions/runs/9229729069
f9acb7fc9f,c9790a26cd,123150c071,https://github.com/nomeata/lean-stage0-audit/actions/runs/9229956071
3df13bb7b4,1e127bcf24,c9790a26cd,https://github.com/nomeata/lean-stage0-audit/actions/runs/9230182680
34e5ac3013,68a25217d7,1e127bcf24,https://github.com/nomeata/lean-stage0-audit/actions/runs/9230457840
05694a11f3,99e7726b43,68a25217d7,https://github.com/nomeata/lean-stage0-audit/actions/runs/9230653091
616d562d73,e0eee8748a,68a25217d7,https://github.com/nomeata/lean-stage0-audit/actions/runs/9230896462
05694a11f3,68a25217d7,68a25217d7,https://github.com/nomeata/lean-stage0-audit/actions/runs/9231079731
dab88ae943,4ed220348c,e0eee8748a,https://github.com/nomeata/lean-stage0-audit/actions/runs/9231549373
66c593a322,487d461424,4ed220348c,https://github.com/nomeata/lean-stage0-audit/actions/runs/9232016659
aae12d5ee2,0fd6ea0b69,487d461424,https://github.com/nomeata/lean-stage0-audit/actions/runs/9232220525
637a3e6331,a40c2f4301,0fd6ea0b69,https://github.com/nomeata/lean-stage0-audit/actions/runs/9232322428
8039c15351,5961b1a3da,a40c2f4301,https://github.com/nomeata/lean-stage0-audit/actions/runs/9232488005
3d2ba4f3d0,2d2f8a376f,5961b1a3da,https://github.com/nomeata/lean-stage0-audit/actions/runs/9232625838
2649b4facd,a26af7a21e,2d2f8a376f,https://github.com/nomeata/lean-stage0-audit/actions/runs/9232808815
1b4cfbe94b,7b6ddbccce,a26af7a21e,https://github.com/nomeata/lean-stage0-audit/actions/runs/9232942931
a153519992,fbaf66d329,7b6ddbccce,https://github.com/nomeata/lean-stage0-audit/actions/runs/9233107059
3313500056,f4e7a68384,fbaf66d329,https://github.com/nomeata/lean-stage0-audit/actions/runs/9233254500
e4b97e1698,d237576646,f4e7a68384,https://github.com/nomeata/lean-stage0-audit/actions/runs/9233449740
b87838115f,e12d767f88,d237576646,https://github.com/nomeata/lean-stage0-audit/actions/runs/9233590859
2e09ac16b1,aba5178900,e12d767f88,https://github.com/nomeata/lean-stage0-audit/actions/runs/9233748544
2d3c17cd53,e9dd482b5f,aba5178900,https://github.com/nomeata/lean-stage0-audit/actions/runs/9233880577
5ef9a2ac7d,ba9b1e80b1,e9dd482b5f,https://github.com/nomeata/lean-stage0-audit/actions/runs/9234069904
15ad5254a1,e06428a0db,ba9b1e80b1,https://github.com/nomeata/lean-stage0-audit/actions/runs/9234202272
7dfc51ce7c,d5bb5fb0f5,e06428a0db,https://github.com/nomeata/lean-stage0-audit/actions/runs/9234378819
391aef5cd7,06ea6b1c34,d5bb5fb0f5,https://github.com/nomeata/lean-stage0-audit/actions/runs/9234517715
150022fe13,aea6223223,06ea6b1c34,https://github.com/nomeata/lean-stage0-audit/actions/runs/9234692905
e99ffefeda,e14fb60206,aea6223223,https://github.com/nomeata/lean-stage0-audit/actions/runs/9234846451
254e28bd99,bfb009158c,e14fb60206,https://github.com/nomeata/lean-stage0-audit/actions/runs/9235001307
efc42efe49,4cb16753b6,bfb009158c,https://github.com/nomeata/lean-stage0-audit/actions/runs/9235135255
9fdcfebb97,13fa890dd7,4cb16753b6,https://github.com/nomeata/lean-stage0-audit/actions/runs/9235359185
955a251bfc,1930daf851,13fa890dd7,https://github.com/nomeata/lean-stage0-audit/actions/runs/9235551238
5be1628cdd,6755b09e15,1930daf851,https://github.com/nomeata/lean-stage0-audit/actions/runs/9235715944
589701c540,a779745452,6755b09e15,https://github.com/nomeata/lean-stage0-audit/actions/runs/9235870199
764170f966,89c3cac88c,a779745452,https://github.com/nomeata/lean-stage0-audit/actions/runs/9236029705
2209a1983b,97b513dc5c,89c3cac88c,https://github.com/nomeata/lean-stage0-audit/actions/runs/9236187024
ded7216a12,f5c54386f0,97b513dc5c,https://github.com/nomeata/lean-stage0-audit/actions/runs/9236361694
cfc19acd83,9350547d03,f5c54386f0,https://github.com/nomeata/lean-stage0-audit/actions/runs/9236504349
f8f70d5e63,2b8aa0580c,9350547d03,https://github.com/nomeata/lean-stage0-audit/actions/runs/9236689426
3dc6c859eb,0baae037f1,2b8aa0580c,https://github.com/nomeata/lean-stage0-audit/actions/runs/9236828944
280d8c9c9b,9a0034fd8c,0baae037f1,https://github.com/nomeata/lean-stage0-audit/actions/runs/9236992378
3abfa1f981,a370aeed05,9a0034fd8c,https://github.com/nomeata/lean-stage0-audit/actions/runs/9237133951
37513595b9,f4242e1571,a370aeed05,https://github.com/nomeata/lean-stage0-audit/actions/runs/9237317977
b558a59944,420150b20d,f4242e1571,https://github.com/nomeata/lean-stage0-audit/actions/runs/9237458699
86b9af549f,682eee2bc2,b9caf32ba6,https://github.com/nomeata/lean-stage0-audit/actions/runs/9237618493
b558a59944,b9caf32ba6,f4242e1571,https://github.com/nomeata/lean-stage0-audit/actions/runs/9237752405
c3ce32a4e9,2f5c415f78,ce57c1ace8,https://github.com/nomeata/lean-stage0-audit/actions/runs/9237920879
86b9af549f,ce57c1ace8,b9caf32ba6,https://github.com/nomeata/lean-stage0-audit/actions/runs/9238056130
cf2b6b80bb,577826f874,2f5c415f78,https://github.com/nomeata/lean-stage0-audit/actions/runs/9238221078
8299d24cab,45a34bc280,577826f874,https://github.com/nomeata/lean-stage0-audit/actions/runs/9238357564
cd6508ef5f,c33a40d70e,45a34bc280,https://github.com/nomeata/lean-stage0-audit/actions/runs/9238523409
f9ba61fc72,843d83a44d,c33a40d70e,https://github.com/nomeata/lean-stage0-audit/actions/runs/9238662815
0df23b6043,c06441b233,843d83a44d,https://github.com/nomeata/lean-stage0-audit/actions/runs/9238823424
b799271da6,e0cb8af6b9,54851e28c7,https://github.com/nomeata/lean-stage0-audit/actions/runs/9238947719
0df23b6043,54851e28c7,843d83a44d,https://github.com/nomeata/lean-stage0-audit/actions/runs/9239383785
b8cf796941,0dc7a55fd4,e0cb8af6b9,https://github.com/nomeata/lean-stage0-audit/actions/runs/9239809304
574c75081f,192000b13f,0dc7a55fd4,https://github.com/nomeata/lean-stage0-audit/actions/runs/9240004226
3067121af7,fb9d8a5792,3b6b45208e,https://github.com/nomeata/lean-stage0-audit/actions/runs/9240092827
574c75081f,3b6b45208e,0dc7a55fd4,https://github.com/nomeata/lean-stage0-audit/actions/runs/9240223062
bdad9aaa99,4fd2db4a21,fb9d8a5792,https://github.com/nomeata/lean-stage0-audit/actions/runs/9240360887
a74892a36b,f2e0b75a75,4fd2db4a21,https://github.com/nomeata/lean-stage0-audit/actions/runs/9240535869
b71167c11e,74337d77be,f2e0b75a75,https://github.com/nomeata/lean-stage0-audit/actions/runs/9240660759
ad0f8d3258,a622462b96,74337d77be,https://github.com/nomeata/lean-stage0-audit/actions/runs/9240815930
800938065a,6554f83154,a622462b96,https://github.com/nomeata/lean-stage0-audit/actions/runs/9240962624
ca4dfa5627,962dfd6034,e55d6c4abd,https://github.com/nomeata/lean-stage0-audit/actions/runs/9241154209
800938065a,e55d6c4abd,a622462b96,https://github.com/nomeata/lean-stage0-audit/actions/runs/9241291394
7cc70fe375,b317915ac3,905ac47125,https://github.com/nomeata/lean-stage0-audit/actions/runs/9241455481
ca4dfa5627,905ac47125,e55d6c4abd,https://github.com/nomeata/lean-stage0-audit/actions/runs/9241585618
9b8b7264f8,ebdd3ceb26,b317915ac3,https://github.com/nomeata/lean-stage0-audit/actions/runs/9241782852
ef636f6ec5,944f093cfc,ebdd3ceb26,https://github.com/nomeata/lean-stage0-audit/actions/runs/9241918996
b0e059318f,2e1abf37f5,944f093cfc,https://github.com/nomeata/lean-stage0-audit/actions/runs/9242121709
e04cecc496,5de18dc658,2e1abf37f5,https://github.com/nomeata/lean-stage0-audit/actions/runs/9242266977
46b85ec297,4a38e8a460,08f2df676b,https://github.com/nomeata/lean-stage0-audit/actions/runs/9242456518
e04cecc496,08f2df676b,b4e8a6d124,https://github.com/nomeata/lean-stage0-audit/actions/runs/9242613474
b0e059318f,b4e8a6d124,944f093cfc,https://github.com/nomeata/lean-stage0-audit/actions/runs/9242774679
de0be1d820,2385a8d72c,da1715cea0,https://github.com/nomeata/lean-stage0-audit/actions/runs/9242911846
46b85ec297,da1715cea0,08f2df676b,https://github.com/nomeata/lean-stage0-audit/actions/runs/9243147867
d0d98bef25,5d8253d19e,6b92743762,https://github.com/nomeata/lean-stage0-audit/actions/runs/9243356113
de0be1d820,6b92743762,da1715cea0,https://github.com/nomeata/lean-stage0-audit/actions/runs/9243536193
1e135e58a1,414e7de975,ec854eeca4,https://github.com/nomeata/lean-stage0-audit/actions/runs/9243694327
d0d98bef25,ec854eeca4,6b92743762,https://github.com/nomeata/lean-stage0-audit/actions/runs/9243883407
07b1b54d03,d6d7e53ed4,b68a3961a9,https://github.com/nomeata/lean-stage0-audit/actions/runs/9244051814
1e135e58a1,b68a3961a9,ec854eeca4,https://github.com/nomeata/lean-stage0-audit/actions/runs/9244245476
a81c9f6c09,82100e6886,6ab8dd113e,https://github.com/nomeata/lean-stage0-audit/actions/runs/9244384876
07b1b54d03,6ab8dd113e,b68a3961a9,https://github.com/nomeata/lean-stage0-audit/actions/runs/9244586863
5d834f3f0e,3280106968,618da2b605,https://github.com/nomeata/lean-stage0-audit/actions/runs/9244732189
a81c9f6c09,618da2b605,6ab8dd113e,https://github.com/nomeata/lean-stage0-audit/actions/runs/9244901353
792ce8ce44,ebae6e2708,80b9615e2f,https://github.com/nomeata/lean-stage0-audit/actions/runs/9245056366
5d834f3f0e,80b9615e2f,618da2b605,https://github.com/nomeata/lean-stage0-audit/actions/runs/9245253340
48c1ddc807,c311c9d6dd,75ec2088f7,https://github.com/nomeata/lean-stage0-audit/actions/runs/9245397409
792ce8ce44,75ec2088f7,80b9615e2f,https://github.com/nomeata/lean-stage0-audit/actions/runs/9245566315
6f0faa8000,11a1cb9573,c311c9d6dd,https://github.com/nomeata/lean-stage0-audit/actions/runs/9245707874
26b417acf8,2b513c38ed,11a1cb9573,https://github.com/nomeata/lean-stage0-audit/actions/runs/9245886875
fd11e662b0,bc644b21a4,2b513c38ed,https://github.com/nomeata/lean-stage0-audit/actions/runs/9246027532
a3e1b696fb,9579d6e1cb,6eb1c979c8,https://github.com/nomeata/lean-stage0-audit/actions/runs/9246205864
fd11e662b0,6eb1c979c8,2b513c38ed,https://github.com/nomeata/lean-stage0-audit/actions/runs/9246351054
a4f1db7aca,18e2f491a9,9579d6e1cb,https://github.com/nomeata/lean-stage0-audit/actions/runs/9246519200
a23567065d,fb1df0d304,c197022419,https://github.com/nomeata/lean-stage0-audit/actions/runs/9246670322
a4f1db7aca,c197022419,536c413fda,https://github.com/nomeata/lean-stage0-audit/actions/runs/9246844365
a3e1b696fb,536c413fda,6eb1c979c8,https://github.com/nomeata/lean-stage0-audit/actions/runs/9246977472
09c0f43ce5,10a8659b6c,afa9dd4d9c,https://github.com/nomeata/lean-stage0-audit/actions/runs/9247461575
a23567065d,afa9dd4d9c,c197022419,https://github.com/nomeata/lean-stage0-audit/actions/runs/9248022817
9bafe2f5b5,6ee77d4cf5,1e591d0f1e,https://github.com/nomeata/lean-stage0-audit/actions/runs/9248287379
09c0f43ce5,1e591d0f1e,afa9dd4d9c,https://github.com/nomeata/lean-stage0-audit/actions/runs/9248419608
3b793b949b,2a94e3ac23,6ee77d4cf5,https://github.com/nomeata/lean-stage0-audit/actions/runs/9248634209
7a8c91fe83,651cc261cf,2a94e3ac23,https://github.com/nomeata/lean-stage0-audit/actions/runs/9248836995
1e1c231edd,d1cf612845,4815e23c9d,https://github.com/nomeata/lean-stage0-audit/actions/runs/9249099560
7a8c91fe83,4815e23c9d,2a94e3ac23,https://github.com/nomeata/lean-stage0-audit/actions/runs/9249278975
d87d0f47a6,97b267531f,d1cf612845,https://github.com/nomeata/lean-stage0-audit/actions/runs/9249545857
56ee71fa0b,dbd30dafce,63531f2eb6,https://github.com/nomeata/lean-stage0-audit/actions/runs/9249762169
d87d0f47a6,63531f2eb6,19bd2072c2,https://github.com/nomeata/lean-stage0-audit/actions/runs/9250116794
1e1c231edd,19bd2072c2,4815e23c9d,https://github.com/nomeata/lean-stage0-audit/actions/runs/9250375290
5f01746dba,2da4e19237,dbd30dafce,https://github.com/nomeata/lean-stage0-audit/actions/runs/9250725009
c961cd1310,5924dc57f1,2da4e19237,https://github.com/nomeata/lean-stage0-audit/actions/runs/9251006938
f9a73cff9c,35dcdf5ab4,2f3be48a86,https://github.com/nomeata/lean-stage0-audit/actions/runs/9251505734
c961cd1310,2f3be48a86,ecb6976803,https://github.com/nomeata/lean-stage0-audit/actions/runs/9251820082
5f01746dba,ecb6976803,dbd30dafce,https://github.com/nomeata/lean-stage0-audit/actions/runs/9252291024
860d726d72,1583e3718f,35dcdf5ab4,https://github.com/nomeata/lean-stage0-audit/actions/runs/9252618537
4a0917e97a,37fb9f7172,1583e3718f,https://github.com/nomeata/lean-stage0-audit/actions/runs/9253091061
ab5ec6be34,08894668de,37fb9f7172,https://github.com/nomeata/lean-stage0-audit/actions/runs/9253418492
3b43cff7d3,1434db8299,5ba0515c1c,https://github.com/nomeata/lean-stage0-audit/actions/runs/9253808100
ab5ec6be34,5ba0515c1c,37fb9f7172,https://github.com/nomeata/lean-stage0-audit/actions/runs/9254104261
42deb66415,4a0dfc1dac,1434db8299,https://github.com/nomeata/lean-stage0-audit/actions/runs/9254675927
f08000d34a,8eb7b3700a,4a0dfc1dac,https://github.com/nomeata/lean-stage0-audit/actions/runs/9255122056
13518da4c7,19f17e735f,8eb7b3700a,https://github.com/nomeata/lean-stage0-audit/actions/runs/9255460178
4867e726a6,3bae7a2031,19f17e735f,https://github.com/nomeata/lean-stage0-audit/actions/runs/9255763864
87bb1901e2,575dcb77bc,3bae7a2031,https://github.com/nomeata/lean-stage0-audit/actions/runs/9256238266
7cb67bb123,3fb2a9fa7a,575dcb77bc,https://github.com/nomeata/lean-stage0-audit/actions/runs/9256578665
9e69259f83,9e28bbce75,3fb2a9fa7a,https://github.com/nomeata/lean-stage0-audit/actions/runs/9257053388
dc51583233,747a56d3e6,9e28bbce75,https://github.com/nomeata/lean-stage0-audit/actions/runs/9257327431
d738e8e392,9ca945b77c,f084b35b6d,https://github.com/nomeata/lean-stage0-audit/actions/runs/9257721489
dc51583233,f084b35b6d,9e28bbce75,https://github.com/nomeata/lean-stage0-audit/actions/runs/9257972343
76eddb06a5,f219a5264b,8ee3dfb9cf,https://github.com/nomeata/lean-stage0-audit/actions/runs/9258255887
d738e8e392,8ee3dfb9cf,f084b35b6d,https://github.com/nomeata/lean-stage0-audit/actions/runs/9258494942
defaa52f64,58c8bca740,f219a5264b,https://github.com/nomeata/lean-stage0-audit/actions/runs/9258820923
08047a178a,b05ccf04e7,58c8bca740,https://github.com/nomeata/lean-stage0-audit/actions/runs/9259036142
8a39a2dd5a,fb86238324,b05ccf04e7,https://github.com/nomeata/lean-stage0-audit/actions/runs/9259302965
30efb589a6,6295f09080,fb86238324,https://github.com/nomeata/lean-stage0-audit/actions/runs/9259508605
378f91607c,43d1ed6464,6295f09080,https://github.com/nomeata/lean-stage0-audit/actions/runs/9259790188
75f7681a09,7d8805d31e,43d1ed6464,https://github.com/nomeata/lean-stage0-audit/actions/runs/9259991541
ab9b2ea3b2,43d97d366f,7d8805d31e,https://github.com/nomeata/lean-stage0-audit/actions/runs/9260264640
b2ba20e870,5e5d3e972c,43d97d366f,https://github.com/nomeata/lean-stage0-audit/actions/runs/9260453812
2c1e6a0343,af2670ebb4,5e5d3e972c,https://github.com/nomeata/lean-stage0-audit/actions/runs/9260690476
b0feb0c867,604e0d346b,af2670ebb4,https://github.com/nomeata/lean-stage0-audit/actions/runs/9260878739
b5ad9bd4e2,78dee6b484,604e0d346b,https://github.com/nomeata/lean-stage0-audit/actions/runs/9261103253
888dba815d,a57813b25c,78dee6b484,https://github.com/nomeata/lean-stage0-audit/actions/runs/9261271695
00dd9da304,3d26e2d6d6,a57813b25c,https://github.com/nomeata/lean-stage0-audit/actions/runs/9261777565
54c5436efb,ed8ca106df,3d26e2d6d6,https://github.com/nomeata/lean-stage0-audit/actions/runs/9262337728
5f55422bc2,1c9b6bc2b1,ed8ca106df,https://github.com/nomeata/lean-stage0-audit/actions/runs/9262601213
ba24f7f57a,66bcab1229,1c9b6bc2b1,https://github.com/nomeata/lean-stage0-audit/actions/runs/9262731157
fffd61cf98,80e16399d4,66bcab1229,https://github.com/nomeata/lean-stage0-audit/actions/runs/9262941355
30199745ad,859040b45b,80e16399d4,https://github.com/nomeata/lean-stage0-audit/actions/runs/9263130202
d84fc3aed7,e28678b4e1,859040b45b,https://github.com/nomeata/lean-stage0-audit/actions/runs/9263392521
005b8aa951,3f108241f1,e28678b4e1,https://github.com/nomeata/lean-stage0-audit/actions/runs/9263582355
0ec2b442d1,a288231de4,3f108241f1,https://github.com/nomeata/lean-stage0-audit/actions/runs/9263819066
91999d22eb,b1363a8a24,a288231de4,https://github.com/nomeata/lean-stage0-audit/actions/runs/9264034751
29b7289b11,df86251cfd,b1363a8a24,https://github.com/nomeata/lean-stage0-audit/actions/runs/9264388760
ce0a0166e8,7b5298ae6f,819732a2aa,https://github.com/nomeata/lean-stage0-audit/actions/runs/9264644040
29b7289b11,819732a2aa,b1363a8a24,https://github.com/nomeata/lean-stage0-audit/actions/runs/9265008044
b5417bdc6c,c18345dc70,7b5298ae6f,https://github.com/nomeata/lean-stage0-audit/actions/runs/9265306457
cdb855d281,0989203db9,c18345dc70,https://github.com/nomeata/lean-stage0-audit/actions/runs/9265829622
678cfda909,96f5dc93b2,0989203db9,https://github.com/nomeata/lean-stage0-audit/actions/runs/9266145851
e1fc904786,cf1757afee,96f5dc93b2,https://github.com/nomeata/lean-stage0-audit/actions/runs/9266628148
3691fb2c34,bc1f3d65ce,cf1757afee,https://github.com/nomeata/lean-stage0-audit/actions/runs/9266966820
d0222990d0,92ceccf98a,bc1f3d65ce,https://github.com/nomeata/lean-stage0-audit/actions/runs/9267474833
95f3f6b811,365b68ad6e,92ceccf98a,https://github.com/nomeata/lean-stage0-audit/actions/runs/9267818686
591c53b3e9,99726dea8c,365b68ad6e,https://github.com/nomeata/lean-stage0-audit/actions/runs/9268221007
0b1fde64ee,763efa28b7,99726dea8c,https://github.com/nomeata/lean-stage0-audit/actions/runs/9268539920
7e380bf236,6fe9e2961c,763efa28b7,https://github.com/nomeata/lean-stage0-audit/actions/runs/9269138806
e0104b94e5,e546d97d92,6fe9e2961c,https://github.com/nomeata/lean-stage0-audit/actions/runs/9269602362
c82f74d094,40f163fdcf,e546d97d92,https://github.com/nomeata/lean-stage0-audit/actions/runs/9269984487
ef4bf93315,da693b1429,40f163fdcf,https://github.com/nomeata/lean-stage0-audit/actions/runs/9270332794
6797e846d7,c8c02d8916,da693b1429,https://github.com/nomeata/lean-stage0-audit/actions/runs/9270906588
63067b896a,a1cb5c94c6,c8c02d8916,https://github.com/nomeata/lean-stage0-audit/actions/runs/9271322410
e55684b0c0,6d9dfe0bc1,a1cb5c94c6,https://github.com/nomeata/lean-stage0-audit/actions/runs/9271880364
e30ac86bd5,524b2f3c17,6d9dfe0bc1,https://github.com/nomeata/lean-stage0-audit/actions/runs/9272255379
a6151a9708,c9faf6b7f8,524b2f3c17,https://github.com/nomeata/lean-stage0-audit/actions/runs/9272794115
b204ed8cee,8a4c105826,c9faf6b7f8,https://github.com/nomeata/lean-stage0-audit/actions/runs/9273135879
7e578bc122,ac9b07336a,8a4c105826,https://github.com/nomeata/lean-stage0-audit/actions/runs/9273539542
b8991586bd,2bc5d9a5d7,ac9b07336a,https://github.com/nomeata/lean-stage0-audit/actions/runs/9273865119
77b68688e7,9be48e1cd7,2bc5d9a5d7,https://github.com/nomeata/lean-stage0-audit/actions/runs/9274302797
3c7053635b,e0ceb02f9a,9be48e1cd7,https://github.com/nomeata/lean-stage0-audit/actions/runs/9274625688
7ee5203dbb,1e47640414,b7a4393814,https://github.com/nomeata/lean-stage0-audit/actions/runs/9275002284
3c7053635b,b7a4393814,9be48e1cd7,https://github.com/nomeata/lean-stage0-audit/actions/runs/9275295179
d7bcc271be,e1e2ded430,1e47640414,https://github.com/nomeata/lean-stage0-audit/actions/runs/9275712821
5455c16fc5,55002b24c5,e1e2ded430,https://github.com/nomeata/lean-stage0-audit/actions/runs/9275991378
8c7364ee64,e3a66eeaa2,8e8183c7f8,https://github.com/nomeata/lean-stage0-audit/actions/runs/9276390574
26b6718422,064957c11a,e3a66eeaa2,https://github.com/nomeata/lean-stage0-audit/actions/runs/9276650119
438fce8da7,ef6e360ce0,55002b24c5,https://github.com/nomeata/lean-stage0-audit/actions/runs/9276984190
8f8bb8c940,a4e5091427,ef6e360ce0,https://github.com/nomeata/lean-stage0-audit/actions/runs/9277234411
d6a73bf03c,a2f2e08671,a4e5091427,https://github.com/nomeata/lean-stage0-audit/actions/runs/9277533252
ddae76aed2,3c50320abb,a2f2e08671,https://github.com/nomeata/lean-stage0-audit/actions/runs/9277726360
0cecbe2ce6,51ad5855ef,3c50320abb,https://github.com/nomeata/lean-stage0-audit/actions/runs/9279329585
ec991f3761,d814ce46fd,51ad5855ef,https://github.com/nomeata/lean-stage0-audit/actions/runs/9279461817
91d48c9150,adae264af5,d814ce46fd,https://github.com/nomeata/lean-stage0-audit/actions/runs/9279666669
13a49da496,16d708689d,adae264af5,https://github.com/nomeata/lean-stage0-audit/actions/runs/9279863062
7668750cb5,c59498cca7,16d708689d,https://github.com/nomeata/lean-stage0-audit/actions/runs/9280146166
b78925d9bb,ba26fedcf6,c59498cca7,https://github.com/nomeata/lean-stage0-audit/actions/runs/9280331183
a1d09f1ced,d9808b0b76,ba26fedcf6,https://github.com/nomeata/lean-stage0-audit/actions/runs/9280591680
eb115abcbe,09ab996a48,d9808b0b76,https://github.com/nomeata/lean-stage0-audit/actions/runs/9280813116
2409840aa8,e65c314c5a,09ab996a48,https://github.com/nomeata/lean-stage0-audit/actions/runs/9281158203
88a0506ab0,0a6b864477,e65c314c5a,https://github.com/nomeata/lean-stage0-audit/actions/runs/9281412773
e42b82d775,8c4a518cd8,0a6b864477,https://github.com/nomeata/lean-stage0-audit/actions/runs/9281770986
cbe05441a5,0146038b07,8c4a518cd8,https://github.com/nomeata/lean-stage0-audit/actions/runs/9282083774
66711a9974,b0fbdf573a,0146038b07,https://github.com/nomeata/lean-stage0-audit/actions/runs/9282573927
e8891986f2,c689d6dc8e,b0fbdf573a,https://github.com/nomeata/lean-stage0-audit/actions/runs/9282898857
87a72e4bbe,19835de097,c689d6dc8e,https://github.com/nomeata/lean-stage0-audit/actions/runs/9283399497
8f3fda4777,819fe787c4,19835de097,https://github.com/nomeata/lean-stage0-audit/actions/runs/9283730102
9490328429,875a57ae81,819fe787c4,https://github.com/nomeata/lean-stage0-audit/actions/runs/9284245289
d9cfda4893,4e65b04310,875a57ae81,https://github.com/nomeata/lean-stage0-audit/actions/runs/9284601131
7bc95d3a95,5eb818af01,abbd6e1f61,https://github.com/nomeata/lean-stage0-audit/actions/runs/9285005907
d9cfda4893,abbd6e1f61,03b03af0ba,https://github.com/nomeata/lean-stage0-audit/actions/runs/9285337666
9490328429,03b03af0ba,819fe787c4,https://github.com/nomeata/lean-stage0-audit/actions/runs/9285927166
88fae4e3d6,4c0916319d,5eb818af01,https://github.com/nomeata/lean-stage0-audit/actions/runs/9286390134
ea3e27bbc4,adc21718e5,4c0916319d,https://github.com/nomeata/lean-stage0-audit/actions/runs/9286750090
da63e003e7,0bb5b74ae5,adc21718e5,https://github.com/nomeata/lean-stage0-audit/actions/runs/9287123593
1e4e683e91,2572088802,0bb5b74ae5,https://github.com/nomeata/lean-stage0-audit/actions/runs/9287661059
3a89723f8c,021960357b,2572088802,https://github.com/nomeata/lean-stage0-audit/actions/runs/9288070592
0f6e6c8a51,917fcd0488,021960357b,https://github.com/nomeata/lean-stage0-audit/actions/runs/9288639200
ce054fb2e7,3c610d88fc,917fcd0488,https://github.com/nomeata/lean-stage0-audit/actions/runs/9289009084
bfce841985,e16a7fe2d0,3c610d88fc,https://github.com/nomeata/lean-stage0-audit/actions/runs/9289536016
fb55ec29e1,106cffba17,e16a7fe2d0,https://github.com/nomeata/lean-stage0-audit/actions/runs/9289876500
ac33193b30,57fc7c59c2,106cffba17,https://github.com/nomeata/lean-stage0-audit/actions/runs/9290278415
5193c6d0ef,c4525d9eec,57fc7c59c2,https://github.com/nomeata/lean-stage0-audit/actions/runs/9290597792
2dad133208,50dec9955c,c4525d9eec,https://github.com/nomeata/lean-stage0-audit/actions/runs/9291055681
05a72a9e00,af8a083ec9,50dec9955c,https://github.com/nomeata/lean-stage0-audit/actions/runs/9291347163
c2fdcad443,f9a36a36d9,af8a083ec9,https://github.com/nomeata/lean-stage0-audit/actions/runs/9291746859
efff36d3e9,25bfed1211,f9a36a36d9,https://github.com/nomeata/lean-stage0-audit/actions/runs/9292047504
0c28d4ff4d,31b539236d,25bfed1211,https://github.com/nomeata/lean-stage0-audit/actions/runs/9292481439
ce78c17f2d,ecb57b2f9a,31b539236d,https://github.com/nomeata/lean-stage0-audit/actions/runs/9292757790
a18c78e617,03a5ac61ba,ecb57b2f9a,https://github.com/nomeata/lean-stage0-audit/actions/runs/9293150601
7870c24cdd,64dc128cc0,03a5ac61ba,https://github.com/nomeata/lean-stage0-audit/actions/runs/9293426349
ac440e757d,e7131ecfc4,64dc128cc0,https://github.com/nomeata/lean-stage0-audit/actions/runs/9293764277
6dc728cc60,82916745eb,e7131ecfc4,https://github.com/nomeata/lean-stage0-audit/actions/runs/9294310830
b4c1163f8f,c4b550bcd6,82916745eb,https://github.com/nomeata/lean-stage0-audit/actions/runs/9294515800
b97fb23dbe,f43d469c7b,c4b550bcd6,https://github.com/nomeata/lean-stage0-audit/actions/runs/9295116771
655c9fafa4,c4405c37ab,f43d469c7b,https://github.com/nomeata/lean-stage0-audit/actions/runs/9295750122
d05dff078a,0255cb556f,c4405c37ab,https://github.com/nomeata/lean-stage0-audit/actions/runs/9296027097
c81ee908ea,91d5c08bd0,0255cb556f,https://github.com/nomeata/lean-stage0-audit/actions/runs/9296168688
f1e9ed2e5a,1955ce7701,91d5c08bd0,https://github.com/nomeata/lean-stage0-audit/actions/runs/9296382200
9460078dd1,1151647a05,1955ce7701,https://github.com/nomeata/lean-stage0-audit/actions/runs/9296581510
37b2f74404,d74555fb27,1151647a05,https://github.com/nomeata/lean-stage0-audit/actions/runs/9296873980
1d066364f3,f027bf3b9c,d74555fb27,https://github.com/nomeata/lean-stage0-audit/actions/runs/9297063257
2680711f6a,64b53c01cf,f027bf3b9c,https://github.com/nomeata/lean-stage0-audit/actions/runs/9297316434
0fd47fd817,a37ba2d8da,64b53c01cf,https://github.com/nomeata/lean-stage0-audit/actions/runs/9297540570
dc1b16c4fb,babc5b14f9,a37ba2d8da,https://github.com/nomeata/lean-stage0-audit/actions/runs/9297893171
dce92c6362,7fcc9303a8,babc5b14f9,https://github.com/nomeata/lean-stage0-audit/actions/runs/9298141961
eaea5c4773,61630774de,7fcc9303a8,https://github.com/nomeata/lean-stage0-audit/actions/runs/9298490290
ee0414b026,e77f8d325e,61630774de,https://github.com/nomeata/lean-stage0-audit/actions/runs/9299245009
d3bc963e92,96dc503bdb,e77f8d325e,https://github.com/nomeata/lean-stage0-audit/actions/runs/9299552854
d886a1da72,60da406e4b,e7537ff553,https://github.com/nomeata/lean-stage0-audit/actions/runs/9300021950
d3bc963e92,e7537ff553,e77f8d325e,https://github.com/nomeata/lean-stage0-audit/actions/runs/9300331515
007b423006,8e8183c7f8,5d9f8a9ac0,https://github.com/nomeata/lean-stage0-audit/actions/runs/9300808826
25053594ff,90df3cac1b,60da406e4b,https://github.com/nomeata/lean-stage0-audit/actions/runs/9301134993
4a4473ff90,96dd78aa8a,90df3cac1b,https://github.com/nomeata/lean-stage0-audit/actions/runs/9301510210
864c4c5030,de9be7261c,96dd78aa8a,https://github.com/nomeata/lean-stage0-audit/actions/runs/9301833451
46dbddabd5,afad6240b3,de9be7261c,https://github.com/nomeata/lean-stage0-audit/actions/runs/9302365663
abc75053b6,3f37b951a2,afad6240b3,https://github.com/nomeata/lean-stage0-audit/actions/runs/9302805648
d81c124479,d97f1b33a8,3f37b951a2,https://github.com/nomeata/lean-stage0-audit/actions/runs/9303149806
d0ccb73fc9,bc46ee9f43,d97f1b33a8,https://github.com/nomeata/lean-stage0-audit/actions/runs/9303477132
f87066a0a5,d3f929dffa,bc46ee9f43,https://github.com/nomeata/lean-stage0-audit/actions/runs/9304015265
470d0077ca,25760d4243,d3f929dffa,https://github.com/nomeata/lean-stage0-audit/actions/runs/9304386865
d4f514b964,216db3e374,25760d4243,https://github.com/nomeata/lean-stage0-audit/actions/runs/9305759861
33a7f75599,21424a8b03,216db3e374,https://github.com/nomeata/lean-stage0-audit/actions/runs/9306469615
ca8fdcaa0c,f2bb2667db,be09b03ab2,https://github.com/nomeata/lean-stage0-audit/actions/runs/9306771926
33a7f75599,be09b03ab2,216db3e374,https://github.com/nomeata/lean-stage0-audit/actions/runs/9307245900
f2c3685e83,4e448a1ff0,f2bb2667db,https://github.com/nomeata/lean-stage0-audit/actions/runs/9307536833
8d2d0b3fbe,86021d4701,4e448a1ff0,https://github.com/nomeata/lean-stage0-audit/actions/runs/9307893770
b267a4b288,0010876e3f,86021d4701,https://github.com/nomeata/lean-stage0-audit/actions/runs/9308164329
18868cbaba,98652a6576,0010876e3f,https://github.com/nomeata/lean-stage0-audit/actions/runs/9308575882
027fec76da,578b59a4ae,98652a6576,https://github.com/nomeata/lean-stage0-audit/actions/runs/9308848362
948c3c0ec4,f96eb867e7,578b59a4ae,https://github.com/nomeata/lean-stage0-audit/actions/runs/9309251335
47e7e03f79,c2ea2356ec,f96eb867e7,https://github.com/nomeata/lean-stage0-audit/actions/runs/9309505966
1c236a0d43,6d22dc22c7,c2ea2356ec,https://github.com/nomeata/lean-stage0-audit/actions/runs/9309837681
51d6a75a0f,896a22d760,c2522f2f58,https://github.com/nomeata/lean-stage0-audit/actions/runs/9310064365
1c236a0d43,c2522f2f58,c2ea2356ec,https://github.com/nomeata/lean-stage0-audit/actions/runs/9310360395
6841f37662,551bd3e09c,896a22d760,https://github.com/nomeata/lean-stage0-audit/actions/runs/9310554612
dfd469743c,eba5cb8b02,0ecf070d35,https://github.com/nomeata/lean-stage0-audit/actions/runs/9311152097
6841f37662,0ecf070d35,896a22d760,https://github.com/nomeata/lean-stage0-audit/actions/runs/9311740816
ffee6676ef,7d4d0abbc5,eba5cb8b02,https://github.com/nomeata/lean-stage0-audit/actions/runs/9312012648
f5583d7771,faf7bd6a3f,7d4d0abbc5,https://github.com/nomeata/lean-stage0-audit/actions/runs/9312142674
d65691626c,35cfa7ae17,faf7bd6a3f,https://github.com/nomeata/lean-stage0-audit/actions/runs/9312353963
eae4b92b0d,ac650581e6,35cfa7ae17,https://github.com/nomeata/lean-stage0-audit/actions/runs/9312542582
2ec40e91da,2c457e4825,ac650581e6,https://github.com/nomeata/lean-stage0-audit/actions/runs/9312816030
f45712ce74,39530f4770,2c457e4825,https://github.com/nomeata/lean-stage0-audit/actions/runs/9312996673
16b2237d2d,34f8ee8500,39530f4770,https://github.com/nomeata/lean-stage0-audit/actions/runs/9313253503
b6cc3c959b,6bec7d4cc5,34f8ee8500,https://github.com/nomeata/lean-stage0-audit/actions/runs/9313456840
8dddb0ddc7,0c8ff36b4a,6bec7d4cc5,https://github.com/nomeata/lean-stage0-audit/actions/runs/9313777776
0ce967ad90,dbaa2a6171,0c8ff36b4a,https://github.com/nomeata/lean-stage0-audit/actions/runs/9314015602
c9926b3a8b,df24a6e90b,dbaa2a6171,https://github.com/nomeata/lean-stage0-audit/actions/runs/9314345086
815364768d,0351753655,df24a6e90b,https://github.com/nomeata/lean-stage0-audit/actions/runs/9314622881
21f7c297e6,b46a9a4bbd,0351753655,https://github.com/nomeata/lean-stage0-audit/actions/runs/9315068469
4a9bc88a4e,10e6438ff7,75ab881d03,https://github.com/nomeata/lean-stage0-audit/actions/runs/9315361398
21f7c297e6,75ab881d03,0351753655,https://github.com/nomeata/lean-stage0-audit/actions/runs/9315806867
c69b4d1f8d,e053831090,10e6438ff7,https://github.com/nomeata/lean-stage0-audit/actions/runs/9316088663
d4d5d3693e,db57396ce1,e053831090,https://github.com/nomeata/lean-stage0-audit/actions/runs/9316546380
cb93590f0b,f147106fcc,db57396ce1,https://github.com/nomeata/lean-stage0-audit/actions/runs/9316852508
cba204e3cb,f58c3f2471,f147106fcc,https://github.com/nomeata/lean-stage0-audit/actions/runs/9317222324
476bcee8ba,47c9d9fed5,f58c3f2471,https://github.com/nomeata/lean-stage0-audit/actions/runs/9317514495
