2025-05-16,4d58a3d124,4d58a3d124,c86fd384be,True,True,True
2025-05-16,d24aa91232,d24aa91232,e388e7b4ac,False,True,True
2025-05-16,e7b61232c9,e7b61232c9,a372ef16a8,True,True,True
2025-05-14,4efef5760c,4efef5760c,f3aee5de98,False,True,True
2025-05-14,7240ae2fa2,7240ae2fa2,3f3bb7cb01,False,True,True
2025-05-13,b04ecaefd7,b04ecaefd7,12dc01bc77,False,True,True
2025-05-13,e575736cae,e575736cae,785ce99e62,True,True,True
2025-05-12,ab5b8ffed1,ab5b8ffed1,e13612693f,False,True,True
2025-05-06,529fb5c67f,529fb5c67f,b56213be65,False,True,True
2025-05-06,edcad9a14b,edcad9a14b,961af42583,True,True,True
2025-05-06,c96dfa54a4,c96dfa54a4,89d0cc9712,False,True,True
2025-05-06,898eec78cd,898eec78cd,34181233fc,True,True,True
2025-05-03,bc1d30de38,bc1d30de38,65fd73d004,False,True,True
2025-05-01,f634bfe0fc,f634bfe0fc,05f4617029,False,True,True
2025-04-30,9168840e2b,9168840e2b,4986d30491,False,True,True
2025-04-29,b677702b02,b677702b02,c01e97ad5c,False,True,True
2025-04-28,6c9158b5b7,6c9158b5b7,ce83f67ac1,False,True,True
2025-04-28,eb559d58a8,eb559d58a8,10e60136ac,True,True,True
2025-04-27,b6259e61f2,b6259e61f2,3c36e0b520,False,True,True
2025-04-26,685aa9b359,685aa9b359,c5d19cd8b2,False,True,True
2025-04-25,882d1ab812,882d1ab812,3ea92ee249,False,True,True
2025-04-24,7344bcffd8,7344bcffd8,4b2cec303c,False,True,True
2025-04-24,66c00d33d4,66c00d33d4,1c903f3668,True,True,True
2025-04-24,e00a2f63ec,e00a2f63ec,27418a19ad,False,True,True
2025-04-23,92927cb4df,92927cb4df,c574b8ca80,False,True,True
2025-04-22,46526cc8fb,46526cc8fb,c210540c9c,False,True,True
2025-04-21,e6771d7524,e6771d7524,441a4d44b4,False,True,True
2025-04-18,3cbffee94b,3cbffee94b,b6fe3260ce,False,True,True
2025-04-18,a21377b9ec,a21377b9ec,d5df24dffa,False,True,True
2025-04-14,689acab1d3,689acab1d3,8a51bf7023,False,True,True
2025-04-13,c5e20c980c,c5e20c980c,fe0a56cd25,False,True,True
2025-04-12,85a0232e87,85a0232e87,2b60983bac,False,True,True
2025-04-11,e79fef15df,e79fef15df,1299af2e0f,False,True,True
2025-04-11,582877d2d3,582877d2d3,c79499dce0,True,True,True
2025-04-10,91c245663b,91c245663b,dabe0108b0,False,True,True
2025-04-08,e8446c81c8,e8446c81c8,48eb5a6b00,False,True,True
2025-04-07,a6f4802d66,a6f4802d66,ba0215865b,False,True,True
2025-04-06,4dce16cd86,4dce16cd86,b964df061a,False,True,True
2025-04-05,c851cdb21e,c851cdb21e,c9ff9fef0f,False,True,True
2025-04-03,bdd8d6fcac,bdd8d6fcac,37936d2ee0,False,True,True
2025-03-30,bc6288a48c,bc6288a48c,5bf4a6cc7e,False,True,True
2025-03-27,d0d31e509f,d0d31e509f,14ec7fda6e,False,True,True
2025-03-25,670c7f1822,670c7f1822,864ff07176,False,True,True
2025-03-25,a43626cfde,a43626cfde,56e56bbb02,True,True,True
2025-03-25,9b2fa72274,9b2fa72274,9da69034b6,False,True,True
2025-03-25,1599237883,1599237883,5dafe2d2e4,False,True,True
2025-03-24,88c534875a,88c534875a,c1b4046398,False,True,True
2025-03-23,7f362c8e8a,7f362c8e8a,2ca8cdb434,False,True,True
2025-03-21,385c6db4ce,385c6db4ce,1914d40e99,False,True,True
2025-03-20,edbb84d23b,edbb84d23b,08b6de1e35,False,False,True
2025-03-20,17f67df257,17f67df257,a0fec74082,False,True,True
2025-03-19,9821bd9707,9821bd9707,5b309256d4,False,True,True
2025-03-19,41a2e9af19,41a2e9af19,d3a9181fbe,True,True,True
2025-03-17,5513f6a468,5513f6a468,4232b2c019,False,True,True
2025-03-15,10b7c4e46e,10b7c4e46e,43d3ef23fe,False,True,True
2025-03-14,e59f487bf0,e59f487bf0,f6eff5b2b7,False,True,True
2025-03-13,137f559520,137f559520,9a32173049,False,True,True
2025-03-12,b78352ec9d,b78352ec9d,f35a767e31,False,True,True
2025-03-12,d1d2f215ad,d1d2f215ad,7a3b1bc9a7,False,True,True
2025-03-12,eb58f46ce7,eb58f46ce7,435cd22672,True,True,True
2025-03-10,dab4908317,dab4908317,926058175f,False,True,True
2025-03-10,817772e97b,817772e97b,1b82f132cc,False,True,True
2025-03-10,9d39942189,9d39942189,70286857b3,True,True,True
2025-03-10,d538e1cd90,d538e1cd90,17c39b4def,False,True,True
2025-03-10,22b6b49a43,22b6b49a43,9f64d57d81,False,True,True
2025-03-07,555f3d86fb,555f3d86fb,b960a3a555,False,True,True
2025-03-05,db0abe89cf,db0abe89cf,0e46ea1f42,False,True,True
2025-03-04,3ce8c73315,3ce8c73315,8e1629a8cb,False,True,True
2025-03-04,aa8faae576,aa8faae576,9a51761b02,True,True,True
2025-03-03,f8f1b2212a,f8f1b2212a,7d10b682ef,False,True,True
2025-02-25,c7f706baeb,c7f706baeb,5c481f5098,False,True,True
2025-02-19,eeb74ecf4d,eeb74ecf4d,3f177e18a5,False,True,True
2025-02-19,3deda3c6df,3deda3c6df,1692650a04,False,True,True
2025-02-19,950fbc9d8f,950fbc9d8f,35629c5d22,False,True,True
2025-02-18,9d5f565119,9d5f565119,f928a065ad,False,True,True
2025-02-18,d6b3da5e72,d6b3da5e72,913f00b8a6,False,True,True
2025-02-18,6a59926592,6a59926592,963299e100,True,True,True
2025-02-17,1a374ceab2,1a374ceab2,7257c1684e,False,True,True
2025-02-13,80c8837f49,80c8837f49,99b14512f9,False,True,True
2025-02-12,b9894b40af,b9894b40af,5eeb94eb46,False,True,True
2025-02-12,01be97309e,01be97309e,5039a8745e,False,True,True
2025-02-10,feb8cc2d4a,feb8cc2d4a,ca7af4a60f,False,True,True
2025-02-10,46ae4c0d7c,46ae4c0d7c,a6a93d4b7f,False,True,True
2025-02-06,06d022b9c0,06d022b9c0,a415457d16,False,True,True
2025-02-06,07c880f7ff,07c880f7ff,797838d32d,False,True,True
2025-02-06,2e6206bbeb,2e6206bbeb,7ca8c49eb7,True,True,True
2025-02-06,ee42e8cf24,ee42e8cf24,e0e57f5d04,False,True,True
2025-02-05,20e67945ea,20e67945ea,35ece21419,False,True,True
2025-02-05,60aeb79a75,60aeb79a75,e0dd9a36b0,True,True,True
2025-02-05,f1ed830b9a,f1ed830b9a,9203a750a0,False,True,True
2025-02-05,255d931e0c,255d931e0c,f7d567136a,True,True,True
2025-02-04,897e9c5388,897e9c5388,869b006adf,False,True,True
2025-02-03,5930f430f4,5930f430f4,82f63b43fe,False,True,True
2025-02-03,eab91e68c5,eab91e68c5,e5101008c1,False,True,True
2025-01-29,ca3c7571e5,ca3c7571e5,eaa9de7e66,False,True,True
2025-01-29,729d6e5d5c,729d6e5d5c,46043b8270,False,True,True
2025-01-23,ebda2d4d25,ebda2d4d25,d30b1ebab0,False,True,True
2025-01-23,7e03920bbb,7e03920bbb,f3f5f77e4b,True,True,True
2025-01-23,c073da20ce,c073da20ce,46c68de2fe,False,True,True
2025-01-20,e40e0892c1,e40e0892c1,5be2334581,False,True,True
2025-01-19,74bd40d34d,74bd40d34d,3ceed61eec,False,True,True
2025-01-19,4d8bc22228,4d8bc22228,a5b3bc9255,True,True,True
2025-01-19,7ee938290b,7ee938290b,fe0285fc50,False,True,True
2025-01-18,26941793ff,26941793ff,6e5804fae5,False,True,True
2025-01-18,5fb2e892c8,5fb2e892c8,f4c23cde4b,False,True,True
2025-01-18,3770808b58,3770808b58,3f313ad68c,True,True,True
2025-01-17,9b629cc81f,9b629cc81f,dba27caf84,False,True,True
2025-01-17,e3fd954318,e3fd954318,a15da80dbc,False,True,True
2025-01-15,a10ce9492f,a10ce9492f,480c50f62b,False,True,True
2025-01-14,e9bd9807ef,e9bd9807ef,3595765bcf,False,False,True
2025-01-10,58cd01154b,58cd01154b,e863595719,False,True,True
2025-01-02,092449adb8,092449adb8,33d74d9149,False,True,True
2024-12-29,3c326d771c,3c326d771c,8c64b00350,False,True,True
2024-12-29,536c6a8ea6,536c6a8ea6,00296a40f8,False,True,True
2024-12-25,65e8ba0574,65e8ba0574,d613b23750,False,True,True
2024-12-18,1214e6463f,1214e6463f,e12107f8b4,False,True,True
2024-12-10,8a3a806b1a,8a3a806b1a,9b2989bbcf,False,True,True
2024-12-09,b6177bad9c,b6177bad9c,b7b068c73c,False,True,True
2024-12-07,279f36b4cc,279f36b4cc,3957ae4db0,False,True,True
2024-12-04,da9a0c4190,da9a0c4190,c68c7b9b77,False,True,True
2024-12-03,473274f145,473274f145,f1a0aac7e3,False,True,True
2024-12-03,ce27d49e31,ce27d49e31,59ab1f667e,False,True,True
2024-11-30,ca96922b4b,ca96922b4b,d1eda7e246,False,True,True
2024-11-30,a1c3a36433,a1c3a36433,c0c90c1ac0,True,True,True
2024-11-30,734ea3071d,734ea3071d,e10eeef9cc,False,True,True
2024-11-29,3752241edd,3752241edd,f5c1a22d30,False,True,True
2024-11-27,b378fe98a7,b378fe98a7,2e36b01236,False,True,True
2024-11-22,e066c17a65,e066c17a65,90dae550d8,False,True,True
2024-11-22,6202461a21,6202461a21,f6969a5c44,False,True,True
2024-11-19,69530afdf9,69530afdf9,cf17a196f9,False,True,True
2024-11-19,4bef3588b5,4bef3588b5,641ca254a0,False,True,True
2024-11-19,64538cf6e8,64538cf6e8,387266ab1b,True,True,True
2024-11-14,bf9ddf2c74,bf9ddf2c74,a0bd91696e,False,True,True
2024-11-13,985600f448,985600f448,2926e9df71,False,True,True
2024-11-12,9f42368e1a,9f42368e1a,bd9a2f2afc,False,True,True
2024-11-03,87d3f1f2c8,87d3f1f2c8,6368ce1436,False,True,True
2024-11-03,b75cc35db2,b75cc35db2,0f238eaef4,True,True,True
2024-11-03,cd24e9dad4,cd24e9dad4,f658eb095c,False,True,True
2024-11-01,3f33cd6fcd,3f33cd6fcd,1bedb5f023,False,True,True
2024-11-01,1f8d7561fa,1f8d7561fa,ebb010c0b5,True,True,True
2024-11-01,be6507fe5b,be6507fe5b,fae25d2c36,False,True,True
2024-11-01,0973ba3e42,0973ba3e42,8ab7cd65c3,False,True,True
2024-11-01,3b80d1eb1f,3b80d1eb1f,6d2883cd07,True,True,True
2024-10-31,0c8d28e9ba,0c8d28e9ba,3d8b16b6ca,False,True,True
2024-10-29,d23a231908,d23a231908,c239a37b3e,False,True,True
2024-10-29,6514385bb9,6514385bb9,1ff98558b6,True,True,True
2024-10-29,4ee44ceb1d,4ee44ceb1d,fb5b23c65a,False,True,True
2024-10-25,f292184642,f292184642,4241bb1107,False,True,True
2024-10-16,50594aa932,50594aa932,ff4a0885ba,False,True,True
2024-10-14,9ec29b4e3a,9ec29b4e3a,7299db5849,False,True,True
2024-10-07,a3ee11103c,a3ee11103c,1b5f483722,False,True,True
2024-10-04,0178f2b70d,0178f2b70d,827a2157bf,False,True,True
2024-10-04,4f5f39294d,4f5f39294d,904cbec00c,False,True,True
2024-10-04,d4fdb5d7c0,d4fdb5d7c0,ffabc834ac,True,True,True
2024-10-03,341c64a306,341c64a306,45ec8f1a42,False,True,True
2024-09-28,ccdf07b6a1,ccdf07b6a1,b84034050d,False,True,True
2024-09-20,eceba0faf4,eceba0faf4,0695c64c7d,False,True,True
2024-09-20,fc963ffceb,fc963ffceb,99dd925cc2,True,True,True
2024-09-18,3872027d92,3872027d92,ac0882d5a2,False,True,True
2024-09-16,b714a96034,b714a96034,447a80eb4e,False,True,True
2024-09-16,979c5a4d6a,979c5a4d6a,fd050427fc,False,True,True
2024-09-10,6c97c4ce37,6c97c4ce37,5aded75aa1,False,True,True
2024-09-10,92e1f168b2,92e1f168b2,e1d0ed050c,False,True,True
2024-09-10,5a9cfa0aec,5a9cfa0aec,dc02cd62f2,False,True,True
2024-09-10,0b9a4bd65e,0b9a4bd65e,a69d9eb869,False,True,True
2024-08-29,bdbadbd74b,bdbadbd74b,639da8c8e7,False,True,True
2024-08-28,b37df8e31a,b37df8e31a,65290777f3,False,True,True
2024-08-27,94fd406c04,94fd406c04,d9724e1993,False,True,True
2024-08-26,3c687df6d5,3c687df6d5,6f0d785470,False,True,True
2024-08-21,6a473e67aa,6a473e67aa,1a11dafde2,False,True,True
2024-08-21,e5d44f4033,e5d44f4033,9e416b0a73,True,True,True
2024-08-21,1c73983dcf,1c73983dcf,8c7836e098,False,True,True
2024-08-21,4b7b69c20a,4b7b69c20a,dc9ed07f72,True,True,True
2024-08-21,a3ae75f847,a3ae75f847,8cad768f2b,False,True,True
2024-08-15,082ed944d8,082ed944d8,3ef7eccc5b,False,False,True
2024-08-15,3c07e48a33,3c07e48a33,d088c11f44,False,True,True
2024-08-14,bd5f8ef242,bd5f8ef242,283fc31c55,False,True,True
2024-08-12,bbb448cdf6,bbb448cdf6,41521f1f78,False,True,True
2024-08-09,30cf3bb3bf,30cf3bb3bf,ada05866e2,False,True,True
2024-08-09,3a588e7547,3a588e7547,e2e145853a,False,True,True
2024-08-09,9f76cb9aa5,9f76cb9aa5,20b24c9060,True,True,True
2024-08-09,88a7f5c592,88a7f5c592,bed2899ed0,False,True,True
2024-08-07,7776852d22,7776852d22,37a79e558b,False,False,True
2024-08-07,63c4de5fea,63c4de5fea,3bb41b2a01,False,True,True
2024-08-07,d52da36e68,d52da36e68,e590fc656f,False,True,True
2024-08-05,d671d0d61a,d671d0d61a,d0b5803a47,False,True,True
2024-08-04,21b4377d36,21b4377d36,8ec0dd7692,False,True,True
2024-08-01,0ed1cf7244,0ed1cf7244,c2940f6233,False,False,True
2024-08-01,e83f78d5af,e83f78d5af,5ae1d8de4a,False,True,True
2024-07-29,642c28cdbb,642c28cdbb,b644bc1e16,False,True,True
2024-07-23,ee6737ab4d,ee6737ab4d,0d354b76fc,False,True,True
2024-07-23,7d60d8b563,7d60d8b563,b1d09f9d42,True,True,True
2024-07-21,3a309f7691,3a309f7691,3f40230cff,False,True,True
2024-07-21,8f0631ab1f,8f0631ab1f,545bc1b2b9,True,True,True
2024-07-20,201749ccac,201749ccac,b9d8d48ea5,False,True,True
2024-07-20,c2117d75a6,c2117d75a6,c8aece923d,False,True,True
2024-07-20,696f70bb4e,696f70bb4e,a356638119,False,True,True
2024-07-20,327986e6fb,327986e6fb,5037e39e28,False,True,True
2024-07-18,78c4d6daff,78c4d6daff,57080f1bd9,False,True,True
2024-07-18,4eb842560c,4eb842560c,4557243039,False,True,True
2024-07-15,31de2494fb,31de2494fb,7876abdf81,False,True,True
2024-07-15,d679591880,d679591880,b8a5bab232,False,True,True
2024-07-15,ab0241dac8,ab0241dac8,17030dc84c,False,True,True
2024-07-15,dc65f03c41,dc65f03c41,bad143cb89,True,True,True
2024-07-08,4b32d9b9a1,4b32d9b9a1,d5b3bef9b1,False,True,True
2024-07-08,6ba5704e00,6ba5704e00,e1661b3d7f,False,True,True
2024-07-06,55d09a39b4,55d09a39b4,2c3cf8d151,False,False,True
2024-07-05,75fe520562,75fe520562,54fedfb174,False,True,True
2024-07-03,f6deaa8fb2,f6deaa8fb2,6ec774a581,False,False,True
2024-07-03,7ef95cd30b,7ef95cd30b,e9ca0b3d43,False,True,True
2024-07-01,d5a45dfa8b,d5a45dfa8b,12897f5dfb,False,True,True
2024-07-01,fb0c46a011,fb0c46a011,c920df4b69,True,True,True
2024-06-29,f31d4dc128,f31d4dc128,cc0bbcdf0d,False,True,True
2024-06-28,93d2ad5fa7,93d2ad5fa7,fa5bff1054,False,True,True
2024-06-23,968aff403b,968aff403b,43718f7fae,False,True,True
2024-06-21,5767a597d4,5767a597d4,8c5e09570a,False,True,True
2024-06-20,53be53f5ae,53be53f5ae,a712c396f4,False,True,True
2024-06-19,2518105bd9,2518105bd9,87d2f43ef0,False,True,True
2024-06-19,9096d6fc71,9096d6fc71,ed4b655518,True,True,True
2024-06-17,2c83e080f7,2c83e080f7,1521680f77,False,True,True
2024-06-14,237f392cc1,237f392cc1,ea18fd0c19,False,True,True
2024-06-07,bfcaaa3d9d,bfcaaa3d9d,feeb0204a0,False,True,True
2024-06-07,d644b377bb,d644b377bb,59cadc78ef,False,True,True
2024-06-06,287d46e1f6,287d46e1f6,11a3cc4998,False,True,True
2024-05-30,007b423006,007b423006,5d9f8a9ac0,False,True,True
2024-05-28,8c7364ee64,8c7364ee64,8e8183c7f8,False,True,True
2024-05-28,26b6718422,26b6718422,e3a66eeaa2,True,True,True
2024-05-23,ba629545cc,ba629545cc,064957c11a,False,True,True
2024-05-21,6155513c60,6155513c60,872de04ad9,False,True,True
2024-05-19,239ade80dc,239ade80dc,4cfc11d782,False,True,True
2024-05-19,c8b72beb4d,c8b72beb4d,77f7a2a6f8,False,True,True
2024-05-14,770235855f,770235855f,6a1cc50e71,False,True,True
2024-05-10,dcdc3db3d4,dcdc3db3d4,185022f977,False,True,True
2024-05-10,39286862e3,39286862e3,5b6b24fcd8,True,True,True
2024-05-07,dfde4ee3aa,dfde4ee3aa,3bf84fe8e8,False,True,True
2024-04-29,7294646eb9,7294646eb9,c5523dc460,False,True,True
2024-04-19,291bb84c97,291bb84c97,5093af6a28,False,True,True
2024-04-19,9dcf07203e,9dcf07203e,b63b6ca0b2,False,True,True
2024-04-17,11a9d2ee4b,11a9d2ee4b,4e1532875b,False,True,True
2024-04-17,504336822f,504336822f,da5f33233f,True,True,True
2024-04-17,88ee503f02,88ee503f02,e7a19019e8,False,True,True
2024-04-13,b0a305f19f,b0a305f19f,883e1ba77a,False,True,True
2024-04-13,eef928b98d,eef928b98d,1eb6980fcd,True,True,True
2024-04-02,ecf0459122,630f1d0540,4b4cf6677b,False,True,False
2024-04-02,ae9417f825,ae9417f825,070a1c4b9f,True,True,False
2024-03-28,9bdb37a9b0,9bdb37a9b0,c183c002f3,False,True,True
2024-03-27,63290babde,63290babde,2366a791bc,False,True,True
2024-03-22,027b2bc38d,027b2bc38d,26f493c863,False,True,True
2024-03-22,d884a946c8,d884a946c8,b3cf12388f,False,True,True
2024-03-21,966fa800f8,966fa800f8,8f7fa63d7b,True,True,True
2024-03-22,d5701fc912,d5701fc912,4235ab34b1,False,True,True
2024-03-20,4391bc2977,4391bc2977,f24d28c4ac,False,True,True
2024-03-18,01432ffc5a,01432ffc5a,0bbbb8e1ec,False,True,True
2024-03-15,f70895ede5,f70895ede5,77442528fa,False,True,True
2024-03-13,214179b6b9,214179b6b9,24e829cc54,False,True,True
2024-03-13,653eb5f66e,653eb5f66e,57e276328e,False,True,True
2024-03-13,2c8fd7fb95,2c8fd7fb95,4902c3ef48,True,True,True
2024-03-13,0f19332618,0f19332618,e1951c97de,False,True,True
2024-03-11,1388f6bc83,1388f6bc83,8a0d62942d,False,True,True
2024-03-11,d9b6794e2f,d9b6794e2f,32836fb767,True,True,True
2024-03-11,ebefee0b7d,ebefee0b7d,01d4b30192,False,False,True
2024-03-06,45fccc5906,e61cbdab4c,fdf245caa9,False,True,False
2024-03-06,d731854d5a,d731854d5a,4684322817,False,True,True
2024-03-06,4208c44939,4208c44939,a128ecf35b,False,True,True
2024-03-05,da869a470b,38fd61ddd7,760bbd6890,False,True,False
2024-03-05,f183c1ac0b,f183c1ac0b,13f03d52c3,False,True,False
2024-03-05,c8a545ec37,c8a545ec37,8f0ff017ba,False,True,False
2024-03-04,015af6d108,4b28d21fc2,ac59cba105,False,True,False
2024-03-02,8a3c9cafb9,8a3c9cafb9,18df55c46a,False,True,True
2024-03-02,0199228784,0199228784,fe5107eab3,False,True,True
2024-03-02,54ff38aa5f,54ff38aa5f,8871fab7fe,False,True,True
2024-03-02,3c0e575fe0,3c0e575fe0,ee2616c27d,True,True,True
2024-03-01,49f41a6224,49f41a6224,28cee48bb9,False,True,True
2024-03-01,ea9a417371,ea9a417371,7dd6c6b442,False,True,True
2024-04-24,b762567174,767dd65d9c,c41e2f6047,False,True,False
2024-04-24,411c535c58,411c535c58,cc81b35525,False,True,False
2024-02-28,17b8880983,17b8880983,50a4a64f9d,False,True,True
2024-02-28,b9c4a7e51d,b9c4a7e51d,0a7280a34f,True,True,True
2024-02-27,37fd128f9f,0d8bd4924b,4b912615b2,False,True,False
2024-02-27,7d5b6cf097,7d5b6cf097,8db7b9a276,False,True,True
2024-02-26,6e408ee402,1ecaa9a246,aacd10b8f4,False,True,False
2024-02-25,b9b7f97d42,9daaadb154,441cdd2a37,False,True,False
2024-02-25,cbf846bdca,cbf846bdca,81a3b16f21,False,True,False
2024-04-24,793cb2b8e3,3df8ead351,c04f6ee650,False,False,False
2024-02-24,a3596d953d,a3596d953d,eac515fa96,False,False,True
2024-02-22,46df6142a6,46df6142a6,1f32002ab5,False,True,True
2024-02-21,6e821de11a,6e821de11a,d4b911edcd,False,True,True
2024-02-21,71cfbb26de,71cfbb26de,4fab1891a5,False,True,True
2024-02-21,74e7886ce7,74e7886ce7,7c9aec514b,True,True,True
2024-02-20,855a762bcb,855a762bcb,5da90e70c7,False,True,True
2024-02-20,79a9f6759a,79a9f6759a,178164e099,False,True,True
2024-02-19,35e374350c,76bebe745f,070a9e47ce,False,True,False
2024-02-19,f64d14ea54,f64d14ea54,b3f97d9288,False,True,True
2024-02-19,7545b85512,7545b85512,35583b4a50,False,True,True
2024-02-19,59bf220934,59bf220934,4f86eb0d50,False,True,True
2024-02-18,58ed6b9630,58ed6b9630,59bdb4244a,False,True,True
2024-02-18,834b515592,834b515592,ac6cfc9b6d,False,True,True
2024-02-18,77de817960,77de817960,58cae779ac,False,True,True
2024-02-18,b882ebcf4a,b882ebcf4a,963a55f809,False,True,True
2024-02-17,6383af0595,6383af0595,9effca6e29,False,True,True
2024-02-15,271ae5b8e5,271ae5b8e5,fbc640f2f1,False,True,True
2024-05-20,5a95f91fae,9fbde90403,eb20a15195,False,False,False
2024-05-20,144c1bbbaf,d60a8ffd4c,17bd3de896,False,False,False
2024-02-13,329e00661a,653e445865,5d6e68fa43,False,True,False
2024-05-20,9210746a25,d1b3ba18e0,1b6eb1bf38,False,False,False
2024-02-09,488bfe2128,488bfe2128,705e6cd969,False,True,True
2024-02-09,61a8695ab1,1d26e3030a,ecdb849c30,False,True,False
2024-02-09,22841844a7,22841844a7,c9f6225297,False,True,False
2024-02-09,3a63b72eea,bbc5c4a6b2,f6df5d5219,False,True,False
2024-02-09,cc86206893,cc86206893,77fc0dbfb4,False,True,False
2024-02-09,1f547225d1,fc259ec6ff,e055e2075a,False,True,False
2024-02-09,a8922622d4,a8922622d4,fea7e79ebe,False,True,False
2024-02-09,819848a0db,819848a0db,9283adab92,False,True,True
2024-02-01,e5b1c87606,e5b1c87606,cc90b3eb35,False,True,True
2024-02-01,da21ef4fe8,da21ef4fe8,2ade2f70de,False,True,True
2024-02-01,e4e6601546,e4e6601546,0e450e6671,False,True,True
2024-02-01,8037a8733d,8037a8733d,ae48c0af32,False,True,True
2024-02-01,8db28ac32f,8db28ac32f,bdde9c8619,False,True,True
2024-01-31,578a2308b1,578a2308b1,d17eac89d3,False,True,True
2024-01-10,7c10415cd8,7c10415cd8,42da06501e,False,True,True
2024-01-10,b5122b6a7b,b5122b6a7b,f9f98a56bf,True,True,True
2024-01-09,4e5ce6b65d,4e5ce6b65d,579c436a19,False,True,True
2024-01-09,610fa69f15,610fa69f15,629c77cf0e,False,True,True
2024-01-09,0bc8fe48e3,0bc8fe48e3,817260c934,False,True,True
2024-01-09,88801166b6,88801166b6,d2a29d7832,False,True,True
2024-01-09,d841ef5eb5,d841ef5eb5,516b2c1db6,False,True,True
2024-01-09,6fd7350c7b,6fd7350c7b,af46298525,False,True,True
2024-01-09,23f2314da7,23f2314da7,c710d85e9e,False,True,True
2023-12-21,fdc52e0ea9,fdc52e0ea9,5f96833fab,False,True,True
2023-12-21,bddb2152e5,bddb2152e5,21b4dc54b3,False,False,True
2023-12-18,a2226a43ac,a2226a43ac,fab9341a03,False,False,True
2023-12-11,104c92d4f3,104c92d4f3,cf0f00faea,False,True,True
2023-12-11,5cd90f5826,5cd90f5826,2ff8821589,True,True,True
2023-12-08,00359a0347,00359a0347,b065d2717e,False,True,True
2023-12-02,6d23450642,6d23450642,63e5e1509c,True,True,True
2023-11-29,3025a4a9a1,3025a4a9a1,ace1446f7a,False,True,True
2023-11-27,79251f5fa2,79251f5fa2,edecc183fb,False,False,True
2023-11-21,0adca630cc,0adca630cc,e07e289b7e,False,True,True
2023-11-21,37362658ab,37362658ab,fe6df5323a,True,True,True
2023-11-12,4bd0525a99,4bd0525a99,fe89525eee,False,True,True
2023-11-12,262f213391,262f213391,ef8379288a,False,True,True
2023-11-02,59d3b3d85a,59d3b3d85a,23205a5da0,False,True,True
2023-11-01,cfe5a5f188,05669221d4,f0651ee9d3,False,True,False
2023-10-29,af301fac55,af301fac55,b7eee6a501,False,True,True
2023-10-29,a53ec40df1,a53ec40df1,1eb16d7d79,False,True,True
2023-10-29,08c47b2d61,08c47b2d61,6f2605ebcd,False,True,True
2023-10-26,6c5f79c0df,6c5f79c0df,88fb21b899,False,True,True
2023-10-17,e0802d2dea,e0802d2dea,7d09507069,False,True,True
2023-10-04,7dc1618ca5,7dc1618ca5,2850a88eed,False,False,True
2023-09-20,dc60150b5a,dc60150b5a,50b2a40587,True,True,True
2023-09-20,4114ffa273,4114ffa273,77ac1fa92a,False,True,True
2023-09-20,b2d668c340,b2d668c340,5d4ea95b71,True,True,True
2023-09-13,c2a5730bc9,c2a5730bc9,5a0c098572,False,True,True
2023-09-12,6c0baf4aed,6c0baf4aed,6f88b72a8c,True,True,True
2023-08-14,beddf011d7,beddf011d7,ed9677719d,False,True,True
2023-08-13,fac9e64cdf,fac9e64cdf,77ce9e3a21,False,True,True
2023-08-13,d90176af71,d90176af71,d6748358be,False,False,True
2023-08-07,8de1c0786c,8de1c0786c,b4d6fe48a1,False,False,True
2023-07-25,96c59ccced,96c59ccced,1faf631e98,False,True,True
2023-06-21,26877c42ae,26877c42ae,4d97ab8951,False,True,True
2023-06-21,19d266e0c5,19d266e0c5,8a957b7a7f,False,True,True
2023-06-06,d5348dfac8,d5348dfac8,2a83aab87a,False,True,True
2023-06-02,0c624d8023,0c624d8023,578d34bc0a,False,True,True
2023-06-02,43f6d0a761,43f6d0a761,983a4d92d0,True,True,True
2023-04-10,d58f552b84,d58f552b84,122877e693,False,True,True
2023-03-15,c327a61d33,c327a61d33,c33b56182d,False,True,True
2023-03-15,97b4143e14,97b4143e14,c79d42fbb9,False,True,True
2023-02-08,9d013ba3f5,9d013ba3f5,83c8f27fbf,False,True,True
2023-01-05,ce4dc2388e,ce4dc2388e,807eb739dd,False,True,True
2023-01-04,57e30b670e,57e30b670e,2ecf62b5ed,False,True,True
2023-01-04,62812177cb,62812177cb,afa45d68d0,False,True,True
2023-01-04,d74d4230b7,d74d4230b7,52ebdd53a2,False,False,True
2023-01-03,5424386c0d,5424386c0d,a33ddcf433,False,True,True
2023-01-03,b83e185c79,b83e185c79,a20e4d1df0,True,True,True
2022-12-22,53ff517a92,53ff517a92,8087c8ae10,False,True,True
2022-12-21,4e02c55766,4e02c55766,9e8ef2f9cd,False,True,True
2022-12-13,4fa8d003d8,4fa8d003d8,d4074a8809,False,True,True
2022-12-01,c83e33b06a,c83e33b06a,4306e00bae,False,True,True
2022-11-30,95467dfab7,95467dfab7,28a2db4c90,False,True,True
2022-11-30,2a36cf42d2,2a36cf42d2,547348e84d,False,True,True
2022-11-28,6bc919742e,6bc919742e,82e2197053,False,True,True
2022-11-24,17855b6e90,17855b6e90,9083692549,False,True,True
2022-11-20,027bf6e140,027bf6e140,26d0637208,False,True,True
2024-05-24,9056824be5,2e44cf9127,43abd15b8d,False,False,False
2022-11-19,14d37739c7,14d37739c7,605ecdfd0d,False,True,True
2022-11-16,6f5bd3ccb6,6f5bd3ccb6,df4b0af958,False,True,True
2022-11-15,8a012c83d3,8a012c83d3,3fb5963503,False,True,True
2022-11-14,fea819bf3c,fea819bf3c,986e9f0553,False,True,True
2022-11-11,d44b70c24b,d44b70c24b,a23bdd21eb,False,True,True
2022-11-11,c370256870,c370256870,2e4b566419,False,True,True
2022-11-11,791fc70dd9,791fc70dd9,3e92b1375f,True,True,True
2022-11-11,64ec4106c3,64ec4106c3,f4c4580824,False,True,True
2022-11-11,da6efe1bca,da6efe1bca,a037d1fd71,True,True,True
2022-11-11,260387d626,260387d626,572093157a,False,True,True
2022-11-11,7e193a45ce,7e193a45ce,fe4e104492,True,True,True
2022-11-09,afa567fc09,afa567fc09,8fdc8f68ad,False,True,True
2022-11-09,ab59cce346,ab59cce346,44bb83d141,False,True,True
2022-11-07,65caa8f2c4,65caa8f2c4,5cb4447f00,False,True,True
2022-11-07,32b6bd0d8b,32b6bd0d8b,e06c7a45d5,True,True,True
2022-11-07,2cd11d22af,2cd11d22af,f914510a24,False,True,True
2022-11-07,02d8a5d56e,02d8a5d56e,82064fcd29,True,True,True
2022-10-28,65fc6db504,65fc6db504,1dcf964ec5,False,True,True
2022-10-27,60802d83af,60802d83af,cb912b2c0e,False,True,True
2022-10-27,d9243e07f9,d9243e07f9,c71eb4b1fa,False,True,True
2022-10-27,181a065d1b,181a065d1b,8d8bf3863c,False,True,True
2022-10-27,33045433d2,33045433d2,7306aae59f,False,True,True
2022-10-26,bac4774b75,bac4774b75,afa1859b10,False,True,True
2022-10-26,6211de92f0,6211de92f0,a79bd76145,False,True,True
2022-10-26,39808d4eef,39808d4eef,819715e52a,False,True,True
2022-10-26,0818cdc411,0818cdc411,752d38d032,False,True,True
2022-10-24,8b8fc64fa0,8b8fc64fa0,c869f82e70,False,True,True
2022-10-23,e412edc0f6,e412edc0f6,d779f5cd8f,False,True,True
2022-10-19,c02955141b,c02955141b,0a0dfbadf3,False,True,True
2022-10-19,e86b8c65a8,e86b8c65a8,75f74a4751,False,True,True
2022-10-18,0e7afae1da,0e7afae1da,7c580b3739,False,True,True
2022-10-16,7b49156270,7b49156270,9216aa0e8b,False,True,True
2022-10-16,774a555d3e,774a555d3e,4bdfe31915,False,True,True
2022-10-16,ab262abdaa,ab262abdaa,6ea6389791,False,True,True
2022-10-15,f9acb7fc9f,f9acb7fc9f,123150c071,False,True,True
2022-10-15,3df13bb7b4,3df13bb7b4,c9790a26cd,False,True,True
2022-10-15,34e5ac3013,34e5ac3013,1e127bcf24,False,True,True
2022-10-14,05694a11f3,05694a11f3,68a25217d7,False,True,True
2022-10-14,616d562d73,616d562d73,99e7726b43,False,False,True
2022-10-14,dab88ae943,dab88ae943,e0eee8748a,False,True,True
2022-10-13,66c593a322,66c593a322,4ed220348c,False,True,True
2022-10-13,aae12d5ee2,aae12d5ee2,487d461424,False,True,True
2022-10-13,637a3e6331,637a3e6331,0fd6ea0b69,False,True,True
2022-10-13,8039c15351,8039c15351,a40c2f4301,False,True,True
2022-10-12,3d2ba4f3d0,3d2ba4f3d0,5961b1a3da,False,True,True
2022-10-11,2649b4facd,2649b4facd,2d2f8a376f,False,True,True
2022-10-10,1b4cfbe94b,1b4cfbe94b,a26af7a21e,False,True,True
2022-10-10,a153519992,a153519992,7b6ddbccce,False,True,True
2022-10-09,3313500056,3313500056,fbaf66d329,False,True,True
2022-10-09,e4b97e1698,e4b97e1698,f4e7a68384,False,True,True
2022-10-09,b87838115f,b87838115f,d237576646,False,True,True
2022-10-09,2e09ac16b1,2e09ac16b1,e12d767f88,False,True,True
2022-10-09,2d3c17cd53,2d3c17cd53,aba5178900,False,True,True
2022-10-08,5ef9a2ac7d,5ef9a2ac7d,e9dd482b5f,False,True,True
2022-10-07,15ad5254a1,15ad5254a1,ba9b1e80b1,False,True,True
2022-10-06,7dfc51ce7c,7dfc51ce7c,e06428a0db,False,True,True
2022-10-06,391aef5cd7,391aef5cd7,d5bb5fb0f5,True,True,True
2022-10-06,150022fe13,150022fe13,06ea6b1c34,False,True,True
2022-10-06,e99ffefeda,e99ffefeda,aea6223223,False,True,True
2022-10-05,254e28bd99,254e28bd99,e14fb60206,False,True,True
2022-10-05,efc42efe49,efc42efe49,bfb009158c,False,True,True
2022-09-30,9fdcfebb97,9fdcfebb97,4cb16753b6,False,True,True
2022-09-29,955a251bfc,955a251bfc,13fa890dd7,False,True,True
2022-09-29,5be1628cdd,5be1628cdd,1930daf851,False,True,True
2022-09-29,589701c540,589701c540,6755b09e15,False,True,True
2022-09-29,764170f966,764170f966,a779745452,False,True,True
2022-09-29,2209a1983b,2209a1983b,89c3cac88c,False,True,True
2022-09-29,ded7216a12,ded7216a12,97b513dc5c,False,True,True
2022-09-28,cfc19acd83,cfc19acd83,f5c54386f0,False,True,True
2022-09-28,f8f70d5e63,f8f70d5e63,9350547d03,False,True,True
2022-09-28,3dc6c859eb,3dc6c859eb,2b8aa0580c,False,True,True
2022-09-27,280d8c9c9b,280d8c9c9b,0baae037f1,True,True,True
2022-09-26,3abfa1f981,3abfa1f981,9a0034fd8c,False,True,True
2022-09-26,37513595b9,37513595b9,a370aeed05,False,True,True
2022-09-25,b558a59944,b558a59944,f4242e1571,False,True,True
2022-09-25,86b9af549f,86b9af549f,420150b20d,False,True,True
2022-09-25,c3ce32a4e9,c3ce32a4e9,682eee2bc2,False,True,True
2022-09-24,cf2b6b80bb,cf2b6b80bb,2f5c415f78,False,True,True
2022-09-24,8299d24cab,8299d24cab,577826f874,False,True,True
2022-09-24,cd6508ef5f,cd6508ef5f,45a34bc280,False,True,True
2022-09-24,f9ba61fc72,f9ba61fc72,c33a40d70e,False,True,True
2022-09-23,0df23b6043,0df23b6043,843d83a44d,False,True,True
2022-09-22,b799271da6,b799271da6,c06441b233,False,True,True
2022-09-22,b8cf796941,b8cf796941,e0cb8af6b9,True,True,True
2022-09-21,574c75081f,574c75081f,0dc7a55fd4,False,True,True
2022-09-21,3067121af7,3067121af7,192000b13f,False,True,True
2022-09-21,bdad9aaa99,bdad9aaa99,fb9d8a5792,False,True,True
2022-09-20,a74892a36b,a74892a36b,4fd2db4a21,True,True,True
2022-09-20,b71167c11e,b71167c11e,f2e0b75a75,False,True,True
2022-09-19,ad0f8d3258,ad0f8d3258,74337d77be,False,True,True
2022-09-18,800938065a,800938065a,a622462b96,False,True,True
2022-09-18,ca4dfa5627,ca4dfa5627,6554f83154,False,True,True
2022-09-18,7cc70fe375,7cc70fe375,962dfd6034,False,True,True
2022-09-18,9b8b7264f8,9b8b7264f8,b317915ac3,True,True,True
2022-09-15,ef636f6ec5,ef636f6ec5,ebdd3ceb26,False,True,True
2022-09-14,b0e059318f,b0e059318f,944f093cfc,False,True,True
2022-09-14,e04cecc496,e04cecc496,2e1abf37f5,True,True,True
2022-09-07,46b85ec297,46b85ec297,5de18dc658,False,True,True
2022-09-07,de0be1d820,de0be1d820,4a38e8a460,False,True,True
2022-09-07,d0d98bef25,d0d98bef25,2385a8d72c,False,True,True
2022-09-07,1e135e58a1,1e135e58a1,5d8253d19e,False,True,True
2022-09-02,07b1b54d03,07b1b54d03,414e7de975,False,True,True
2022-08-31,a81c9f6c09,a81c9f6c09,d6d7e53ed4,False,True,True
2022-08-31,5d834f3f0e,5d834f3f0e,82100e6886,False,True,True
2022-08-27,792ce8ce44,792ce8ce44,3280106968,False,True,True
2022-08-27,48c1ddc807,48c1ddc807,ebae6e2708,False,True,True
2022-08-20,6f0faa8000,6f0faa8000,c311c9d6dd,False,True,True
2022-08-17,26b417acf8,26b417acf8,11a1cb9573,False,True,True
2022-08-16,fd11e662b0,fd11e662b0,2b513c38ed,False,True,True
2022-08-15,a3e1b696fb,a3e1b696fb,bc644b21a4,False,True,True
2022-08-15,a4f1db7aca,a4f1db7aca,9579d6e1cb,True,True,True
2022-08-15,a23567065d,a23567065d,18e2f491a9,False,True,True
2022-08-15,09c0f43ce5,09c0f43ce5,fb1df0d304,False,True,True
2022-08-14,9bafe2f5b5,9bafe2f5b5,10a8659b6c,False,True,True
2022-08-14,3b793b949b,3b793b949b,6ee77d4cf5,True,True,True
2022-08-13,7a8c91fe83,7a8c91fe83,2a94e3ac23,False,True,True
2022-08-13,1e1c231edd,1e1c231edd,651cc261cf,False,True,True
2022-08-13,d87d0f47a6,d87d0f47a6,d1cf612845,True,True,True
2022-08-13,56ee71fa0b,56ee71fa0b,97b267531f,False,True,True
2022-08-13,5f01746dba,5f01746dba,dbd30dafce,False,True,True
2022-08-13,c961cd1310,c961cd1310,2da4e19237,True,True,True
2022-08-10,f9a73cff9c,f9a73cff9c,5924dc57f1,False,True,True
2022-08-08,860d726d72,860d726d72,35dcdf5ab4,False,True,True
2022-08-07,4a0917e97a,4a0917e97a,1583e3718f,False,True,True
2022-08-06,ab5ec6be34,ab5ec6be34,37fb9f7172,False,True,True
2022-08-06,3b43cff7d3,3b43cff7d3,08894668de,False,True,True
2022-08-04,42deb66415,42deb66415,1434db8299,False,True,True
2022-08-04,f08000d34a,f08000d34a,4a0dfc1dac,False,True,True
2022-08-04,13518da4c7,13518da4c7,8eb7b3700a,False,True,True
2022-08-04,4867e726a6,4867e726a6,19f17e735f,False,True,True
2022-08-04,87bb1901e2,87bb1901e2,3bae7a2031,False,True,True
2022-08-04,7cb67bb123,7cb67bb123,575dcb77bc,False,True,True
2022-08-03,9e69259f83,9e69259f83,3fb2a9fa7a,False,True,True
2022-08-02,dc51583233,dc51583233,9e28bbce75,False,True,True
2022-08-02,d738e8e392,d738e8e392,747a56d3e6,False,True,True
2022-08-01,76eddb06a5,76eddb06a5,9ca945b77c,False,True,True
2022-07-31,defaa52f64,defaa52f64,f219a5264b,False,True,True
2022-07-31,08047a178a,08047a178a,58c8bca740,False,True,True
2022-07-31,8a39a2dd5a,8a39a2dd5a,b05ccf04e7,False,True,True
2022-07-31,30efb589a6,30efb589a6,fb86238324,False,True,True
2022-07-30,378f91607c,378f91607c,6295f09080,False,True,True
2022-07-30,75f7681a09,75f7681a09,43d1ed6464,False,True,True
2022-07-29,ab9b2ea3b2,ab9b2ea3b2,7d8805d31e,False,True,True
2022-07-29,b2ba20e870,b2ba20e870,43d97d366f,False,True,True
2022-07-29,2c1e6a0343,2c1e6a0343,5e5d3e972c,False,True,True
2022-07-28,b0feb0c867,b0feb0c867,af2670ebb4,False,True,True
2022-07-27,b5ad9bd4e2,b5ad9bd4e2,604e0d346b,False,True,True
2022-07-27,888dba815d,888dba815d,78dee6b484,False,True,True
2022-07-27,00dd9da304,00dd9da304,a57813b25c,False,True,True
2022-07-27,54c5436efb,54c5436efb,3d26e2d6d6,False,True,True
2022-07-27,5f55422bc2,5f55422bc2,ed8ca106df,False,True,True
2022-07-26,ba24f7f57a,ba24f7f57a,1c9b6bc2b1,False,True,True
2022-07-26,fffd61cf98,fffd61cf98,66bcab1229,False,True,True
2022-07-25,30199745ad,30199745ad,80e16399d4,False,True,True
2022-07-25,d84fc3aed7,d84fc3aed7,859040b45b,False,True,True
2022-07-25,005b8aa951,005b8aa951,e28678b4e1,False,True,True
2022-07-24,0ec2b442d1,0ec2b442d1,3f108241f1,False,True,True
2022-07-24,91999d22eb,91999d22eb,a288231de4,False,True,True
2022-07-23,29b7289b11,29b7289b11,b1363a8a24,False,True,True
2022-07-22,ce0a0166e8,ce0a0166e8,df86251cfd,False,True,True
2022-07-20,b5417bdc6c,b5417bdc6c,7b5298ae6f,False,True,True
2022-07-20,cdb855d281,cdb855d281,c18345dc70,True,True,True
2022-07-18,678cfda909,678cfda909,0989203db9,False,True,True
2022-07-18,e1fc904786,e1fc904786,96f5dc93b2,True,True,True
2022-07-18,3691fb2c34,3691fb2c34,cf1757afee,False,True,True
2022-07-12,d0222990d0,d0222990d0,bc1f3d65ce,False,True,True
2022-07-12,95f3f6b811,95f3f6b811,92ceccf98a,False,True,True
2022-07-11,591c53b3e9,591c53b3e9,365b68ad6e,False,True,True
2022-07-11,0b1fde64ee,0b1fde64ee,99726dea8c,False,True,True
2022-07-11,7e380bf236,7e380bf236,763efa28b7,False,True,True
2022-07-11,e0104b94e5,e0104b94e5,6fe9e2961c,False,True,True
2022-07-10,c82f74d094,c82f74d094,e546d97d92,False,True,True
2022-07-10,ef4bf93315,ef4bf93315,40f163fdcf,False,True,True
2022-07-09,6797e846d7,6797e846d7,da693b1429,False,True,True
2022-07-09,63067b896a,63067b896a,c8c02d8916,False,True,True
2022-07-09,e55684b0c0,e55684b0c0,a1cb5c94c6,False,True,True
2022-07-09,e30ac86bd5,e30ac86bd5,6d9dfe0bc1,False,True,True
2022-07-09,a6151a9708,a6151a9708,524b2f3c17,False,True,True
2022-07-08,b204ed8cee,b204ed8cee,c9faf6b7f8,False,True,True
2022-07-08,7e578bc122,7e578bc122,8a4c105826,False,True,True
2022-07-08,b8991586bd,b8991586bd,ac9b07336a,False,True,True
2022-07-08,77b68688e7,77b68688e7,2bc5d9a5d7,False,True,True
2022-07-08,3c7053635b,3c7053635b,9be48e1cd7,False,True,True
2022-07-08,7ee5203dbb,7ee5203dbb,e0ceb02f9a,False,True,True
2022-07-08,d7bcc271be,d7bcc271be,1e47640414,True,True,True
2022-07-07,5455c16fc5,5455c16fc5,e1e2ded430,False,True,True
2022-07-07,438fce8da7,438fce8da7,55002b24c5,False,True,True
2022-07-07,8f8bb8c940,8f8bb8c940,ef6e360ce0,False,True,True
2022-07-07,d6a73bf03c,d6a73bf03c,a4e5091427,False,True,True
2022-07-06,ddae76aed2,ddae76aed2,a2f2e08671,False,True,True
2022-07-06,0cecbe2ce6,0cecbe2ce6,3c50320abb,False,True,True
2022-07-06,ec991f3761,ec991f3761,51ad5855ef,False,True,True
2022-07-05,91d48c9150,91d48c9150,d814ce46fd,False,True,True
2022-07-05,13a49da496,13a49da496,adae264af5,False,True,True
2022-07-04,7668750cb5,7668750cb5,16d708689d,False,True,True
2022-07-03,b78925d9bb,b78925d9bb,c59498cca7,False,True,True
2022-07-02,a1d09f1ced,a1d09f1ced,ba26fedcf6,False,True,True
2022-07-02,eb115abcbe,eb115abcbe,d9808b0b76,False,True,True
2022-07-02,2409840aa8,2409840aa8,09ab996a48,False,True,True
2022-07-02,88a0506ab0,88a0506ab0,e65c314c5a,False,True,True
2022-07-02,e42b82d775,e42b82d775,0a6b864477,False,True,True
2022-07-02,cbe05441a5,cbe05441a5,8c4a518cd8,False,True,True
2022-06-29,66711a9974,66711a9974,0146038b07,False,True,True
2022-06-29,e8891986f2,e8891986f2,b0fbdf573a,False,True,True
2022-06-28,87a72e4bbe,87a72e4bbe,c689d6dc8e,False,True,True
2022-06-28,8f3fda4777,8f3fda4777,19835de097,False,True,True
2022-06-28,9490328429,9490328429,819fe787c4,False,True,True
2022-06-27,d9cfda4893,d9cfda4893,875a57ae81,True,True,True
2022-06-27,7bc95d3a95,7bc95d3a95,4e65b04310,False,True,True
2022-06-23,88fae4e3d6,88fae4e3d6,5eb818af01,False,True,True
2022-06-23,ea3e27bbc4,ea3e27bbc4,4c0916319d,False,True,True
2022-06-23,da63e003e7,da63e003e7,adc21718e5,False,True,True
2022-06-23,1e4e683e91,1e4e683e91,0bb5b74ae5,False,True,True
2022-06-23,3a89723f8c,3a89723f8c,2572088802,False,True,True
2022-06-16,0f6e6c8a51,0f6e6c8a51,021960357b,False,True,True
2022-06-16,ce054fb2e7,ce054fb2e7,917fcd0488,True,True,True
2022-06-15,bfce841985,bfce841985,3c610d88fc,False,True,True
2022-06-14,fb55ec29e1,fb55ec29e1,e16a7fe2d0,False,True,True
2022-06-14,ac33193b30,ac33193b30,106cffba17,False,True,True
2022-06-14,5193c6d0ef,5193c6d0ef,57fc7c59c2,False,True,True
2022-06-14,2dad133208,2dad133208,c4525d9eec,False,True,True
2022-06-14,05a72a9e00,05a72a9e00,50dec9955c,False,True,True
2022-06-13,c2fdcad443,c2fdcad443,af8a083ec9,False,True,True
2022-06-10,efff36d3e9,efff36d3e9,f9a36a36d9,False,True,True
2022-06-07,0c28d4ff4d,0c28d4ff4d,25bfed1211,False,True,True
2022-06-07,ce78c17f2d,ce78c17f2d,31b539236d,False,True,True
2022-06-07,a18c78e617,a18c78e617,ecb57b2f9a,False,True,True
2022-06-04,7870c24cdd,7870c24cdd,03a5ac61ba,False,True,True
2022-05-31,ac440e757d,ac440e757d,64dc128cc0,False,True,True
2022-05-28,6dc728cc60,6dc728cc60,e7131ecfc4,False,True,True
2022-05-26,b4c1163f8f,b4c1163f8f,82916745eb,False,True,True
2022-05-25,b97fb23dbe,b97fb23dbe,c4b550bcd6,False,True,True
2022-05-23,655c9fafa4,655c9fafa4,f43d469c7b,False,True,True
2022-05-23,d05dff078a,d05dff078a,c4405c37ab,False,True,True
2022-05-12,c81ee908ea,c81ee908ea,0255cb556f,False,True,True
2022-05-12,f1e9ed2e5a,f1e9ed2e5a,91d5c08bd0,False,True,True
2022-05-12,9460078dd1,9460078dd1,1955ce7701,False,True,True
2022-05-10,37b2f74404,37b2f74404,1151647a05,False,True,True
2022-05-10,1d066364f3,1d066364f3,d74555fb27,False,True,True
2022-05-09,2680711f6a,2680711f6a,f027bf3b9c,False,True,True
2022-05-07,0fd47fd817,0fd47fd817,64b53c01cf,False,True,True
2022-05-07,dc1b16c4fb,dc1b16c4fb,a37ba2d8da,False,True,True
2022-05-04,dce92c6362,dce92c6362,babc5b14f9,False,True,True
2022-05-04,eaea5c4773,eaea5c4773,7fcc9303a8,False,True,True
2022-04-29,ee0414b026,ee0414b026,61630774de,False,True,True
2022-04-29,d3bc963e92,d3bc963e92,e77f8d325e,False,True,True
2022-04-29,d886a1da72,d886a1da72,96dc503bdb,False,True,True
2022-04-26,25053594ff,25053594ff,60da406e4b,False,True,True
2022-04-25,4a4473ff90,4a4473ff90,90df3cac1b,False,True,True
2022-04-22,864c4c5030,864c4c5030,96dd78aa8a,False,True,True
2022-04-21,46dbddabd5,46dbddabd5,de9be7261c,False,True,True
2022-04-21,abc75053b6,abc75053b6,afad6240b3,False,True,True
2022-04-21,d81c124479,d81c124479,3f37b951a2,False,True,True
2022-04-19,d0ccb73fc9,d0ccb73fc9,d97f1b33a8,False,True,True
2022-04-18,f87066a0a5,f87066a0a5,bc46ee9f43,False,True,True
2022-04-18,470d0077ca,470d0077ca,d3f929dffa,False,True,True
2022-04-15,d4f514b964,d4f514b964,25760d4243,False,True,True
2022-04-15,33a7f75599,33a7f75599,216db3e374,False,True,True
2022-04-15,ca8fdcaa0c,ca8fdcaa0c,21424a8b03,False,True,True
2022-04-13,f2c3685e83,f2c3685e83,f2bb2667db,False,True,True
2022-04-13,8d2d0b3fbe,8d2d0b3fbe,4e448a1ff0,True,True,True
2022-04-13,b267a4b288,b267a4b288,86021d4701,False,True,True
2022-04-13,18868cbaba,18868cbaba,0010876e3f,False,True,True
2022-04-09,027fec76da,027fec76da,98652a6576,False,True,True
2022-04-09,948c3c0ec4,948c3c0ec4,578b59a4ae,False,True,True
2022-04-09,47e7e03f79,47e7e03f79,f96eb867e7,False,True,True
2022-04-08,1c236a0d43,1c236a0d43,c2ea2356ec,False,True,True
2022-04-08,51d6a75a0f,51d6a75a0f,6d22dc22c7,False,True,True
2022-04-06,6841f37662,6841f37662,896a22d760,False,True,True
2022-04-06,dfd469743c,dfd469743c,551bd3e09c,False,True,True
2022-04-06,ffee6676ef,ffee6676ef,eba5cb8b02,True,True,True
2022-04-05,f5583d7771,f5583d7771,7d4d0abbc5,False,True,True
2022-04-05,d65691626c,d65691626c,faf7bd6a3f,False,True,True
2022-04-05,eae4b92b0d,eae4b92b0d,35cfa7ae17,True,True,True
2022-04-01,2ec40e91da,2ec40e91da,ac650581e6,False,True,True
2022-04-01,f45712ce74,f45712ce74,2c457e4825,False,True,True
2022-04-01,16b2237d2d,16b2237d2d,39530f4770,False,True,True
2022-04-01,b6cc3c959b,b6cc3c959b,34f8ee8500,False,True,True
2022-04-01,8dddb0ddc7,8dddb0ddc7,6bec7d4cc5,False,True,True
2022-03-31,0ce967ad90,0ce967ad90,0c8ff36b4a,False,True,True
2022-03-29,c9926b3a8b,c9926b3a8b,dbaa2a6171,False,True,True
2022-03-29,815364768d,815364768d,df24a6e90b,False,True,True
2022-03-28,21f7c297e6,21f7c297e6,0351753655,False,True,True
2022-03-26,4a9bc88a4e,4a9bc88a4e,b46a9a4bbd,False,False,True
2022-03-25,c69b4d1f8d,c69b4d1f8d,10e6438ff7,False,True,True
2022-03-25,d4d5d3693e,d4d5d3693e,e053831090,False,True,True
2022-03-21,cb93590f0b,cb93590f0b,db57396ce1,False,True,True
2022-03-20,cba204e3cb,cba204e3cb,f147106fcc,False,True,True
2022-03-20,476bcee8ba,476bcee8ba,f58c3f2471,False,True,True
2022-03-20,8f4d58893f,8f4d58893f,47c9d9fed5,True,True,True
2022-03-20,4f9dcd55ce,4f9dcd55ce,667705de1c,False,True,True
2022-03-19,6e94801c00,6e94801c00,56965b5a1a,False,True,True
2022-03-19,f29319647f,f29319647f,30c1dd6cc1,False,True,True
2022-03-19,544421faf5,544421faf5,34f276e3c4,False,True,True
2022-03-19,5e3b3494e2,5e3b3494e2,4f6f07a4c9,False,True,True
2022-03-19,ef3143e1eb,ef3143e1eb,6d3e9cb8b0,False,True,True
2022-03-19,ed3c792a4c,ed3c792a4c,fd0c99b0a0,False,True,True
2022-03-15,0a2d0bc3fd,0a2d0bc3fd,33e1d71c54,False,True,True
2022-03-15,e1ba83d902,e1ba83d902,8e1712e470,False,True,True
2022-03-15,3278d7bc2a,3278d7bc2a,ed9a0649cf,False,True,True
2022-03-12,30c153aa76,30c153aa76,f7a32db0e4,False,True,True
2022-03-12,c0a72172f1,c0a72172f1,ac58f877e0,False,True,True
2022-03-12,8a46668884,8a46668884,3f1f4fc10e,False,True,True
2022-03-10,61cd3dcc32,61cd3dcc32,e25e620459,False,True,True
2022-03-10,7a7841fa95,7a7841fa95,e770693f87,False,True,True
2022-03-10,3edb0ede04,3edb0ede04,27380269ba,False,True,True
2022-03-08,3b7ada0b35,3b7ada0b35,ac9981c130,False,True,True
2022-03-06,ad4b1796a0,ad4b1796a0,ce52951009,False,True,True
2022-03-03,538eee0b6a,538eee0b6a,e41af1dcd3,False,True,True
2022-03-03,7462e3ad52,7462e3ad52,5475e36d92,False,True,True
2022-03-03,0847c59667,0847c59667,59c48476c1,False,True,True
2022-03-03,35c587afbf,35c587afbf,7f25e3ca1e,False,True,True
2022-03-01,bb2de82cb6,bb2de82cb6,3136a105c0,False,True,True
2022-03-01,5dba98327c,5dba98327c,817d405f2f,False,True,True
2022-03-01,e85abb6292,e85abb6292,500fe3ba9f,False,True,True
2022-03-01,0158c2eeb7,0158c2eeb7,afbf940420,False,True,True
2022-02-28,ecca71f0f5,ecca71f0f5,6f234c6339,False,True,True
2022-02-28,998a3de747,998a3de747,a49d1414be,False,True,True
2022-02-28,b7d2239ca4,b7d2239ca4,309662f6dd,False,True,True
2022-02-25,cd710e903e,cd710e903e,e6db008cb3,False,True,True
2022-02-25,7d8cb84834,7d8cb84834,1d25ead625,False,True,True
2022-02-25,0611eb84cc,0611eb84cc,962251864d,False,True,True
2022-02-24,7480670c6a,7480670c6a,782b964633,False,True,True
2022-02-19,7a13eaea8d,7a13eaea8d,29be3324f7,False,True,True
2022-02-17,3f0be7901e,3f0be7901e,0944ccac83,False,True,True
2022-02-16,6b1297fe85,6b1297fe85,831d06bdb3,False,True,True
2022-02-16,9d6c26a4a6,9d6c26a4a6,10833b6674,False,True,True
2022-02-16,31e90c8f65,31e90c8f65,2116211e24,False,True,True
2022-02-15,045527daac,045527daac,baa59e8bbd,False,True,True
2022-02-15,2435119e6a,2435119e6a,7119cf0a0d,False,True,True
2022-02-14,409530306c,409530306c,de8dc75847,False,True,True
2022-02-14,2a2ad75faa,2a2ad75faa,9acac8c1c4,False,True,True
2022-02-14,0030208d99,0030208d99,f14b5983dd,True,True,True
2022-02-14,a0fb412989,a0fb412989,cdf2241846,False,True,True
2022-02-11,7b3a674555,7b3a674555,10f66d21e0,False,True,True
2022-02-07,6f7fb9ccaf,6f7fb9ccaf,8fec981020,False,True,True
2022-02-06,e8781ad889,e8781ad889,60db6f1981,False,True,True
2022-02-06,255db2b47d,255db2b47d,3a7a928ada,False,True,True
2022-02-06,e35235eec5,e35235eec5,a155b794c5,False,True,True
2022-02-04,7f0060b214,7f0060b214,da7e8bb2e0,False,True,True
2022-02-03,95aec2cf93,95aec2cf93,9288cda908,False,True,True
2022-02-03,00f59a91ee,00f59a91ee,16986d3fa4,False,True,True
2022-02-03,6d07092d1e,6d07092d1e,ae05d56908,False,True,True
2022-01-22,d096f59f86,d096f59f86,86f7e725f6,False,True,True
2022-01-20,253f3aa5ec,253f3aa5ec,49149b7e21,False,True,True
2022-01-20,893b816f82,893b816f82,a0a5dae49b,False,True,True
2022-01-20,70de6dabb3,70de6dabb3,23791ef0cc,False,True,True
2022-01-20,7c0a790774,7c0a790774,9f0c2d299d,False,True,True
2022-01-18,63025663fd,63025663fd,0cfba1c4cf,False,True,True
2022-01-18,ab5e43acaa,ab5e43acaa,4441553be6,False,True,True
2022-01-17,4ac019ccf0,4ac019ccf0,a19d4ec93e,False,True,True
2022-01-17,35d25dfaaf,35d25dfaaf,9f2b8d82ce,False,True,True
2022-01-17,db9bb8dd1b,db9bb8dd1b,ead600239c,False,True,True
2022-01-17,2c0da66ff2,2c0da66ff2,277a844cb8,False,True,True
2022-01-17,05b9240c72,05b9240c72,a914b7b4ac,False,True,True
2022-01-17,b142f709e1,b142f709e1,d466918fff,False,True,True
2022-01-17,03a5c5034f,03a5c5034f,68049f27ac,False,True,True
2022-01-17,a272b222f1,a272b222f1,56ead5cef1,False,True,True
2022-01-15,20d5b5b9c0,20d5b5b9c0,0c76cf0e0c,False,True,True
2022-01-15,5c69d63157,5c69d63157,76fb360f90,False,True,True
2022-01-14,5e462f704a,5e462f704a,06dcd4034e,False,True,True
2022-01-14,23e27f657f,23e27f657f,8e82f7057e,False,True,True
2022-01-14,9c5668515c,9c5668515c,58d8831a4d,False,True,True
2022-01-14,2fe59456fd,2fe59456fd,50a03230aa,False,True,True
2022-01-14,226d828e19,226d828e19,3e54b8ccd1,False,True,True
2022-01-14,346b50a22e,346b50a22e,c8dbdc077e,False,True,True
2022-01-12,35a49ca535,35a49ca535,1e77183c1d,False,True,True
2022-01-11,4e47ef0cbb,4e47ef0cbb,12e894d0c5,False,True,True
2022-01-11,74f732f4cb,74f732f4cb,d0f56734b1,False,True,True
2022-01-10,a28ff92010,a28ff92010,38c7187933,False,True,True
2024-06-03,cc4c82a6e7,fc4003d5d2,020a2f751d,False,True,False
2024-06-03,ea70188cb1,ea70188cb1,8ecca8b72f,False,True,False
2022-01-04,62d03fe8ad,62d03fe8ad,87cc92c94b,False,True,True
2022-01-03,a000ee4249,a000ee4249,835bec2423,False,True,True
2022-01-03,bf17eec439,bf17eec439,a35b46a03b,False,True,True
2022-01-03,7dcc026cd1,7dcc026cd1,5283246f45,False,True,True
2022-01-03,5cdaeac36f,5cdaeac36f,e2608d0cc5,False,True,True
2022-01-03,75233a40f7,75233a40f7,0de1b99b3f,False,True,True
2021-12-18,6499798a35,6499798a35,9fd6bbf412,False,True,True
2021-12-17,d51def739e,d51def739e,dbfcaca33e,False,True,True
2021-12-16,dbe96a4434,dbe96a4434,abd2bd9261,False,True,True
2021-12-15,fa8b015603,fa8b015603,3abc1fa162,False,True,True
2021-12-15,35e623fca0,35e623fca0,aa2ab56047,False,True,True
2021-12-15,202fd1414a,202fd1414a,d659718b70,False,True,True
2021-12-13,5f0def2edf,5f0def2edf,c200ff65f9,False,True,True
2021-12-12,133c58aba2,133c58aba2,ddad23435b,False,True,True
2021-12-10,d9d44baabe,d9d44baabe,e2003fd178,False,True,True
2021-12-07,d3713e8952,d3713e8952,4b0ef7a8ed,False,True,True
2021-12-01,c54caa1a1f,c54caa1a1f,a414bdea89,False,True,True
2021-12-01,f0c946aa02,f0c946aa02,38515505b6,False,True,True
2021-11-30,5c39ddbad1,5c39ddbad1,41de8b8519,False,True,True
2021-11-30,7185f99822,7185f99822,1559bf7266,False,True,True
2021-11-30,e1f0733a1c,e1f0733a1c,0bad082927,False,True,True
2021-11-30,21f0b8c397,21f0b8c397,1545fc1adf,False,True,True
2021-11-29,d253b2d2a7,d253b2d2a7,dce27ba144,False,True,True
2021-11-26,b5afc34391,b5afc34391,8a36c16086,False,True,True
2021-11-26,093fd48e48,093fd48e48,0f8c9f8d35,False,True,True
2021-11-25,cec573024c,cec573024c,fcb78db9e3,False,True,True
2021-11-24,9a939f98ec,9a939f98ec,6279020232,False,True,True
2021-11-23,292d3218c2,292d3218c2,04dc5c0e36,False,True,True
2021-11-23,c447db5db9,c447db5db9,2c549932b4,False,True,True
2021-11-23,8af1024931,8af1024931,f196539f75,False,True,True
2021-11-23,9ae6380b43,9ae6380b43,0f567741e2,False,False,True
2021-11-19,c5b6968c86,c5b6968c86,6a07c4656c,False,False,True
2021-11-18,3db3fb1429,3db3fb1429,f703dd4cbe,False,False,True
2021-11-09,b70820929f,b70820929f,ace30ea078,False,True,True
2021-11-09,fac091498c,fac091498c,09e0504cfb,False,True,True
2021-10-26,b65da42b7e,b65da42b7e,2d2986a417,False,True,True
2021-10-26,c870d7374e,c870d7374e,39dcc43530,False,True,True
2021-10-26,e21c021f49,e21c021f49,a5a35217e0,False,True,True
2021-10-26,aa3d7cd751,aa3d7cd751,163f841f55,False,True,True
2021-10-22,a741a3dfd4,a741a3dfd4,b2e636d0f2,False,True,True
2021-10-21,14fdb793f7,14fdb793f7,50cb5b8606,False,True,True
2021-10-18,30be5801e2,30be5801e2,fdd48195b4,False,True,True
2021-10-18,aa0387e070,aa0387e070,f25a93e231,False,True,True
2021-10-18,4cc9072ec3,4cc9072ec3,c6a486b23d,False,True,True
2021-10-08,1f1dc0b471,1f1dc0b471,a056e028d5,False,False,True
2021-10-08,d77c99bd2f,d77c99bd2f,410178d83f,False,True,True
2021-10-08,89d6c70273,89d6c70273,2cd940233e,False,False,True
2021-10-08,c8b998a607,c8b998a607,96f5e1fc4e,False,True,True
2021-10-05,eb7f601ea8,eb7f601ea8,4a91b4bd5d,False,True,True
2021-10-03,7ff013a3a2,7ff013a3a2,55ada806c7,False,True,True
2021-10-02,68867d02ac,68867d02ac,98b1175702,False,True,True
2021-10-02,2b087893a5,2b087893a5,2ba36ca6bd,False,True,True
2021-10-02,5a0974cca6,5a0974cca6,2ab4dda502,False,True,True
2021-10-02,740aab923d,740aab923d,b703f02a64,False,True,True
2021-10-02,deb77b62df,deb77b62df,65bc37db92,False,True,True
2021-10-02,98f1ab7816,98f1ab7816,91ba792d0e,False,True,True
2021-10-02,74329f6713,74329f6713,c1c26d0372,False,True,True
2021-09-30,01ca9a06c1,01ca9a06c1,e82527b79f,False,True,True
2021-09-30,3833363be8,3833363be8,3cd103c14a,False,True,True
2021-09-30,9d9f41c27a,9d9f41c27a,056fe72f5a,False,True,True
2021-09-30,94dc1ee38f,94dc1ee38f,f2bd71a572,False,True,True
2021-09-30,cfa9d5a0b6,cfa9d5a0b6,4ee5f4478e,False,True,True
2021-09-30,2aa190ec6a,2aa190ec6a,e51c61d4bf,False,True,True
2021-09-30,a7fc07a8b4,a7fc07a8b4,02de17f58f,False,True,True
2021-09-30,ef4becfedb,ef4becfedb,8852d4a2a6,False,True,True
2021-09-30,bc578f17ad,bc578f17ad,63254e895a,False,True,True
2021-09-30,58743b983e,58743b983e,eb602a9d77,False,True,True
2021-09-30,32b6172449,32b6172449,f2d06a00d7,False,True,True
2024-06-05,a434489e51,b1292bf8ad,bf0c526731,False,True,False
2021-09-28,f4759c9a22,f4759c9a22,87a6d3d03e,False,True,True
2024-06-05,b8ca5ff280,3458ef0d8b,1bb9115b0f,False,False,False
2021-09-20,f5aa8ea4f5,1367027c57,2dc64d576b,False,True,False
2021-09-19,2395bb3b35,2395bb3b35,1b9e32dc14,False,True,True
2021-09-17,0795243a5e,0795243a5e,e05f993308,False,True,True
2021-09-16,a7b044b80b,a7b044b80b,098b4e01a6,False,False,True
2021-09-16,06dbc56629,06dbc56629,1f2acc1812,False,True,True
2021-09-14,34853bcbd8,34853bcbd8,2596790e19,False,True,True
2021-09-12,04ecce0085,04ecce0085,93e834cb51,False,True,True
2021-09-12,a6d41227c6,a6d41227c6,ae7062c7a6,False,True,True
2024-06-17,20abdcb794,af4aea8b80,1f77d12be3,False,True,False
2024-06-17,0678b16ce6,0678b16ce6,feed99a6aa,False,True,False
2024-06-16,4af94b2f6d,48529995c5,bae113028f,False,True,False
2024-06-16,8b5879e9c8,8b5879e9c8,a7217ff0da,True,True,False
2021-09-11,fc36dfc550,fc36dfc550,8487107ee6,False,True,True
2021-09-11,ae5eb9f793,ae5eb9f793,7c782721ea,False,True,True
2021-09-09,c36cb849d0,c36cb849d0,33191e1934,False,True,True
2021-09-09,8feb14186e,8feb14186e,7e53c2f040,False,True,True
2021-09-08,58e8c5774c,58e8c5774c,4bc884c394,True,True,True
2024-06-17,e5600b03df,a6dfe0c6b9,ae0e15434d,False,True,False
2021-09-07,3b136816fe,3b136816fe,833e13058c,False,True,True
2021-09-07,61976c4e56,61976c4e56,fce26dd43d,False,True,True
2021-09-07,a8007ee827,a8007ee827,ab34f64362,False,True,True
2021-09-06,d643dfd1c7,d643dfd1c7,1807522205,False,True,True
2021-09-06,1ce2ff394c,1ce2ff394c,2b3446b3df,False,True,True
2021-09-06,d174ffb075,d174ffb075,5ec071a6d9,False,True,True
2021-09-06,ec30a6b7e8,ec30a6b7e8,5c98b1ba7b,False,True,True
2021-09-06,5ce97286bb,5ce97286bb,4b2c4c5fb2,False,True,True
2021-09-05,20022f3c6d,20022f3c6d,6d50c9cf66,False,True,True
2021-09-05,0d751f3bd3,0d751f3bd3,1c7555343a,False,True,True
2021-09-05,da31ea4b5b,da31ea4b5b,7604b86bf8,False,True,True
2021-09-02,d803a6787a,d803a6787a,72d00d9f6f,False,True,True
2021-09-02,120b0200c2,120b0200c2,88b77ec801,False,True,True
2021-09-01,ab8627d929,ab8627d929,1c4e5420d4,False,True,True
2021-09-01,f80ca1576e,f80ca1576e,b9a52a6ff1,False,True,True
2021-09-01,2cbedc0b8f,2cbedc0b8f,4b0507336f,False,True,True
2021-09-01,f3b047faf2,f3b047faf2,4ad33b62f3,False,True,True
2021-08-31,454da2938a,454da2938a,4aa41300d4,False,True,True
2021-08-31,c391521891,c391521891,a8e5c5eeed,False,True,True
2021-08-30,941f4a5887,941f4a5887,9443b842fc,False,True,True
2021-08-29,3972f011ee,3972f011ee,3a2c4e5d3b,False,True,True
2021-08-27,7c68741c65,7c68741c65,3f35024c9d,False,True,True
2021-08-27,7864a57580,7864a57580,7f9e66c57f,False,True,True
2021-08-26,1aa274e5c0,1aa274e5c0,80b8970689,False,True,True
2021-08-24,fb41e0f4e5,fb41e0f4e5,2bc3221f2b,False,True,True
2021-08-24,97764b58b2,97764b58b2,6443651678,False,True,True
2021-08-21,a942ab2b72,a942ab2b72,3d723796aa,False,True,True
2021-08-21,ef4359a439,ef4359a439,fa79119560,False,True,True
2021-08-21,38ecb25d28,38ecb25d28,e462a3c17b,False,True,True
2021-08-21,3226fdec8c,3226fdec8c,a928c1af2e,False,True,True
2021-08-21,4b7498f84b,4b7498f84b,37f42bd24f,False,True,True
2021-08-21,347710204a,347710204a,097eb87ebb,False,True,True
2021-08-21,7d3e0ee578,7d3e0ee578,7733e5a329,False,True,True
2021-08-20,6bd37361dc,6bd37361dc,4c3afd75cf,False,True,True
2021-08-20,9686910c72,9686910c72,aace3d6e33,False,True,True
2021-08-20,6521143ab3,6521143ab3,fdbf1f19de,False,True,True
2024-06-14,9d24f614fa,cd01c82d4f,9ea03cf180,False,True,False
2024-06-14,83f9f8f596,83f9f8f596,19f4781329,False,True,False
2024-06-14,8789e0bdfb,8789e0bdfb,c81ad3d76e,False,True,False
2021-08-14,d4410c217b,d4410c217b,6ef262ca16,False,True,True
2021-08-13,fc6f9324ac,fc6f9324ac,7ea3f3e2b3,False,True,True
2021-08-13,7de38460d1,7de38460d1,956c60fb2c,False,True,True
2021-08-13,452b717a97,452b717a97,b4c6d944e6,False,True,True
2021-08-12,bf313a944c,bf313a944c,fe8b7722ed,False,True,True
2021-08-12,28fe8e7da0,28fe8e7da0,7ba57ee5f6,False,True,True
2021-08-11,00ec22d303,00ec22d303,e7dc74f71d,False,True,True
2021-08-10,702a24913f,702a24913f,a30a106978,False,True,True
2021-08-09,4089fca103,4089fca103,b764b8085a,False,True,True
2021-08-09,52710688f7,52710688f7,1799ad3116,False,True,True
2021-08-09,80cf5202b8,80cf5202b8,8f633c24a0,False,True,True
2021-08-07,ba6fcd7b74,ba6fcd7b74,2d4ab37798,False,True,True
2021-08-07,f1272f70cb,f1272f70cb,bf26a5007c,False,True,True
2021-08-07,a0c2142233,a0c2142233,40df00242e,False,True,True
2021-08-06,f2bbe222d7,f2bbe222d7,b86cc0f3ea,False,True,True
2021-08-06,1fc1c4fe8b,1fc1c4fe8b,cd698fdeb8,False,True,True
2021-08-06,634f5015fc,634f5015fc,4a71a81a2d,False,True,True
2021-08-06,818466785a,818466785a,b3280c5031,False,True,True
2021-08-06,803b73e32d,803b73e32d,3f90fe78af,False,True,True
2021-08-05,ddbd10f610,ddbd10f610,31846fd00f,False,True,True
2021-08-05,5f019a9770,5f019a9770,b7d98c4e6d,False,True,True
2021-08-04,7807f09dd5,7807f09dd5,e853adb317,False,True,True
2021-08-04,f5c51ce48c,f5c51ce48c,f29eb0febc,False,True,True
2021-08-03,2b2311eaa2,2b2311eaa2,0957a77e5f,False,True,True
2021-08-03,9988264345,9988264345,2ae4556af9,False,True,True
2021-08-03,64f65d28e7,64f65d28e7,8ae8c6f255,False,True,True
2021-08-03,698ebe0ba8,698ebe0ba8,b92a58b22a,False,True,True
2021-08-03,20e07501c4,20e07501c4,35c64a7a8c,False,True,True
2021-08-02,50ae3d8e61,50ae3d8e61,ea3296ddd5,False,True,True
2021-08-02,cfa086a471,cfa086a471,c6ff959ddc,False,True,True
2021-08-02,694bed5b0b,694bed5b0b,2af42dec06,False,True,True
2021-08-02,bdc6bc6fcc,bdc6bc6fcc,e22c2d7584,False,True,True
2021-08-01,45b599ef69,45b599ef69,4b27a48e87,False,True,True
2021-07-31,59dff3f3e0,59dff3f3e0,43910b57f2,False,True,True
2021-07-29,c0f811a725,c0f811a725,eca6b7fd06,False,True,True
2021-07-29,c054fa9a60,c054fa9a60,87722ee5ca,False,True,True
2021-07-29,096b0c2cec,096b0c2cec,d08b07bd02,False,True,True
2021-07-27,67f4d5bd57,67f4d5bd57,c8300caad1,False,True,True
2021-07-26,8973982926,8973982926,1f088e8951,False,True,True
2021-07-26,0bea52d1b5,0bea52d1b5,f8a2a3567b,False,True,True
2021-07-26,694037f29d,694037f29d,e1d1b3437a,False,True,True
2021-07-24,f7f0064f90,f7f0064f90,126fdd05b5,False,True,True
2021-07-24,2f828ee5c6,2f828ee5c6,1a866db4ae,False,True,True
2021-07-20,0943dc31fc,0943dc31fc,5bbdbb84f7,False,True,True
2021-07-20,fa8b842401,fa8b842401,1cc65bd28d,False,True,True
2021-07-20,e0132ea2f1,e0132ea2f1,8dea3a4323,False,True,True
2021-07-12,7dc3e72bcb,7dc3e72bcb,6708814bdb,False,True,True
2021-06-29,5a8f4fd946,5a8f4fd946,3fe2d16fc0,False,True,True
2021-06-29,88999e8d61,88999e8d61,b526d25be7,False,True,True
2021-06-29,69b9c5441e,69b9c5441e,d614828d45,False,True,True
2021-06-29,715d097987,715d097987,ad2ffe7b0e,False,True,True
2021-06-29,730c3e2db9,730c3e2db9,640e58bfd9,False,True,True
2021-06-22,de0bf36587,de0bf36587,2e0b0b22fa,False,True,True
2021-06-17,9e1fc3e9e9,9e1fc3e9e9,eacf7eea0f,False,True,True
2021-06-07,1a9b383d58,1a9b383d58,e9e7588de3,False,True,True
2021-06-07,4c78bf875a,4c78bf875a,0408f26468,False,True,True
2021-06-06,3ff7df3675,3ff7df3675,521be96de4,False,True,True
2021-06-06,97a7ef5962,97a7ef5962,74a21455bc,False,True,True
2021-06-06,407c197236,407c197236,5c28aef934,False,True,True
2021-06-05,822f74a35c,822f74a35c,6e69fd9908,False,True,True
2021-06-02,55691e2951,55691e2951,82fb4fa6be,False,True,True
2021-06-02,e619e7c093,e619e7c093,d4d04658bf,False,True,True
2021-06-02,d276b47f63,d276b47f63,67272abc69,False,True,True
2021-06-02,a0eabad8b1,a0eabad8b1,2ce9dea38c,False,True,True
2021-06-02,30ddaaffe4,30ddaaffe4,abc28cdaf2,False,True,True
2021-06-02,300af47e41,300af47e41,db1e22b7fa,False,True,True
2021-06-02,d404ad67ee,d404ad67ee,b53783d1a6,False,True,True
2021-05-25,ef475de45b,ef475de45b,f6ffd2d398,False,True,True
2021-05-22,fb0c62d546,fb0c62d546,11459159a4,False,True,True
2021-05-22,5d22752b10,5d22752b10,b7f89c9697,False,True,True
2021-05-21,e6f0ce2c47,e6f0ce2c47,1b8814b8dd,False,True,True
2021-05-20,6ede77abbd,6ede77abbd,680b7478c7,False,True,True
2021-05-17,400c292c91,400c292c91,e14e753a93,False,True,True
2021-05-17,e4ee7ba85a,e4ee7ba85a,399f571cfc,False,True,True
2021-05-17,14b8ae851f,14b8ae851f,3f7e100f3f,False,True,True
2021-05-16,2ff1001583,2ff1001583,e6d70176c6,False,True,True
2021-05-14,16ef336b99,16ef336b99,2233d9e4f4,False,True,True
2021-05-13,bd12886d4b,bd12886d4b,b377c50361,False,True,True
2021-05-10,ad88a1f406,ad88a1f406,b6f813a4bd,False,True,True
2021-05-10,0a57cbd7d3,0a57cbd7d3,bf00e77557,False,True,True
2021-05-07,0583970ad8,0583970ad8,e09aa1714f,False,True,True
2021-05-06,7a7ba648d5,7a7ba648d5,5a8110c1cd,False,True,True
2021-05-06,e1d3a71d6f,e1d3a71d6f,a646eb3d04,False,True,True
2021-05-05,6fd65d61d2,6fd65d61d2,07f5dec6c6,False,True,True
2021-05-04,44ff0555c0,44ff0555c0,703eb2ed8d,False,True,True
2021-05-03,41cec8b634,41cec8b634,51e0dbf677,False,True,True
2021-05-01,e4a08769f2,e4a08769f2,28ae6fbca6,False,True,True
2021-05-01,e20a07bd6d,e20a07bd6d,4a88d93274,False,True,True
2021-04-30,e70e924327,e70e924327,ed9cb88931,False,True,True
2021-04-30,cf350e556d,cf350e556d,d5abd1152f,False,True,True
2021-04-30,ae6703a1d2,ae6703a1d2,aebe921a07,False,True,True
2021-04-30,7245629913,7245629913,3989fb6d7f,False,True,True
2021-04-29,47c9b740b4,47c9b740b4,a9a3f07a98,False,True,True
2021-04-29,be1a929dc7,be1a929dc7,6a27c64e33,False,True,True
2021-04-28,e9a93b6f5e,e9a93b6f5e,6b26ba56ea,False,True,True
2021-04-27,04c7d83476,04c7d83476,b64be0dbc5,False,True,True
2021-04-27,1b16d1d525,1b16d1d525,12da87b9cb,False,True,True
2021-04-26,bdce1a2a79,bdce1a2a79,0af2413436,False,True,True
2021-04-25,a04f3a5d9f,a04f3a5d9f,2f07ea8f21,False,True,True
2021-04-24,96b987c366,96b987c366,39e5b46453,False,True,True
2021-04-24,cf734814fd,cf734814fd,aefa96e0c1,False,True,True
2021-04-23,04f3bd1423,04f3bd1423,6aab55f075,False,True,True
2021-04-23,7b42588909,7b42588909,4de48e46e8,False,True,True
2021-04-23,fe9cb0b5ed,fe9cb0b5ed,73fffb30dd,False,True,True
2021-04-22,25144dc91a,25144dc91a,20b53b8ed6,False,True,True
2021-04-22,61259697bd,61259697bd,821eb0e87f,False,True,True
2021-04-19,e593987d3c,e593987d3c,c04093212a,False,True,True
2021-04-16,bb5a46cd61,bb5a46cd61,dd04a4666f,False,True,True
2021-04-15,47bb80a277,47bb80a277,fbcf828075,False,True,True
2021-04-15,747bb486b8,747bb486b8,bac41485e0,False,True,True
2021-04-12,ecad25e08f,ecad25e08f,7dc91b6355,False,True,True
2021-04-12,4b56ca066d,4b56ca066d,b66c99797a,False,True,True
2021-04-11,7950907dac,7950907dac,0c316618ea,False,True,True
2021-04-11,e5d8158cef,e5d8158cef,95fb5c8d48,False,True,True
2021-04-10,314062e941,314062e941,5e30c161d9,False,True,True
2021-04-10,50292824c1,50292824c1,a579cc07d1,False,True,True
2021-04-08,bfa874bc1a,bfa874bc1a,64b3830cb4,False,True,True
2021-04-07,95419cc194,95419cc194,9cf8ae4a28,False,True,True
2021-04-07,0e21fb0937,0e21fb0937,75899e6201,False,True,True
2021-04-07,ca0912c6e3,ca0912c6e3,81b2b7b37c,False,True,True
2021-04-06,c1b39afacc,c1b39afacc,20b761cd33,False,True,True
2021-04-06,70e943ea07,70e943ea07,ad0082344c,False,True,True
2021-04-05,4e99336d45,4e99336d45,9434044875,False,True,True
2021-04-05,06b67f4523,06b67f4523,9d9b9ee04e,False,True,True
2021-04-05,9d38309781,9d38309781,2082e97893,False,True,True
2021-04-05,f9d5c4fc7c,f9d5c4fc7c,30b5e681b9,False,True,True
2021-04-05,474ee644d7,474ee644d7,ee0394af7a,False,True,True
2021-04-05,6f1eaa96f1,6f1eaa96f1,04de7819be,False,True,True
2021-04-05,8d7c8cc6f0,8d7c8cc6f0,b64234278b,False,True,True
2021-04-04,9f708ece44,9f708ece44,2a52fe4aac,False,True,True
2021-04-04,41dda0f624,41dda0f624,9b81d2c62f,False,True,True
2021-04-04,dbbb7bf9f6,dbbb7bf9f6,a4c565bc0a,False,True,True
2021-04-03,ab4ec76a25,ab4ec76a25,e2a3c4ca45,False,True,True
2021-04-02,8cd6b573d6,8cd6b573d6,96619633bf,False,True,True
2021-04-02,90f2438cfd,90f2438cfd,9ceac83e07,False,True,True
2021-04-01,447e57ee99,447e57ee99,fdc17e0fef,False,True,True
2021-03-30,687ce2fe67,687ce2fe67,95a010a92d,False,True,True
2021-03-27,c0407c7032,c0407c7032,68c572b9d0,False,True,True
2021-03-27,aa753898c6,aa753898c6,68c7084f7f,False,True,True
2021-03-25,83b795b3b4,83b795b3b4,4cf699a2a9,False,True,True
2021-03-25,3bc26a64e6,3bc26a64e6,cff3b0bcf7,False,True,True
2021-03-24,52bc9805e7,52bc9805e7,d42422b70c,False,True,True
2021-03-23,6f6bb02bcd,6f6bb02bcd,86751ec759,False,True,True
2021-03-23,e4f8aad664,e4f8aad664,c1cdd786c0,False,True,True
2021-03-22,a798101c08,a798101c08,def12cac10,False,True,True
2021-03-22,61229b7d2d,61229b7d2d,f2ebcc1b68,False,True,True
2021-03-20,19b24e3e82,19b24e3e82,2c85cf18d7,False,True,True
2021-03-20,7d61a61407,7d61a61407,b66dd456ba,False,True,True
2021-03-17,7213b02c7e,7213b02c7e,06c876398c,False,True,True
2021-03-17,f7028b36a4,f7028b36a4,1f1e65a32c,False,True,True
2021-03-13,03aea90981,03aea90981,30bf4cba5c,False,True,True
2021-03-12,75051778ce,75051778ce,6d0f6cc0d8,False,True,True
2021-03-12,a7c5db6d21,a7c5db6d21,83dcf48ff3,False,True,True
2021-03-12,5eb0a7a4fc,5eb0a7a4fc,3a75f448b9,False,True,True
2021-03-12,a683aee360,a683aee360,2b6d36a237,False,True,True
2021-03-11,40426f8b5f,40426f8b5f,9aacb09816,False,True,True
2021-03-11,2b19ff16d9,2b19ff16d9,4e41de6388,False,True,True
2021-03-11,63b898364c,63b898364c,da1bf5208f,False,True,True
2021-03-11,a818478e37,a818478e37,45ea17407f,False,True,True
2021-03-11,2d1c19b8e6,2d1c19b8e6,bf1890f24e,False,True,True
2021-03-11,90abace21a,90abace21a,de835166d9,False,True,True
2021-03-11,55c5234100,55c5234100,8fbf9abb4b,False,True,True
2021-03-11,96e580a653,96e580a653,2c2fcf87f4,False,True,True
2021-03-11,a50042dcde,a50042dcde,9829d66741,False,True,True
2021-03-11,fda7055c1a,fda7055c1a,098a7f36ac,False,True,True
2021-03-11,1e0109f321,1e0109f321,0824d98b43,False,True,True
2021-03-11,b419427e90,b419427e90,305a685d0d,False,True,True
2021-03-11,bd004b4681,bd004b4681,99a7338d0c,False,True,True
2021-03-09,d2f9e43ca0,d2f9e43ca0,e022e40211,False,True,True
2021-03-09,b96e4f6637,b96e4f6637,a6b3cb24bb,False,True,True
2021-03-07,a531fd881e,a531fd881e,778a20a309,False,True,True
2021-03-07,e0dc7967ff,e0dc7967ff,6b4f9c2b4f,False,True,True
2021-03-07,a70323c9e8,a70323c9e8,74c402650e,False,True,True
2021-03-07,5d56e18811,5d56e18811,9aaaf16a6c,False,True,True
2021-03-06,ac6f854b72,ac6f854b72,6f9034711a,False,True,True
2021-03-06,66fc994822,66fc994822,2cccd53760,False,True,True
2021-03-06,5787fc5ce4,5787fc5ce4,b667042ea6,False,True,True
2021-03-04,a81c628a12,a81c628a12,d18ac1f044,False,True,True
2021-03-04,b6d86fdd57,b6d86fdd57,34213f213c,False,True,True
2021-03-04,23597e19e1,23597e19e1,7c638a3945,False,True,True
2021-03-04,3d51779d38,3d51779d38,bac436ef7b,False,True,True
2021-03-04,32a317c152,32a317c152,e63200401c,False,True,True
2021-03-04,176c7df05c,176c7df05c,fcead03564,False,True,True
2021-03-03,1d98edfeea,1d98edfeea,954c28ea05,False,True,True
2021-02-28,4483f85495,4483f85495,6463f8959f,False,True,True
2021-02-27,b0bbfbe333,b0bbfbe333,c66652fdc8,False,True,True
2021-02-27,ceda66a77d,ceda66a77d,14669d8f66,False,True,True
2021-02-25,5cfa9504ca,5cfa9504ca,07d6d78c26,False,True,True
2021-02-21,a55c9592e4,a55c9592e4,4bf11295ec,False,True,True
2021-02-21,8d933ce83d,8d933ce83d,3f8cb077cb,False,True,True
2021-02-20,604a89c185,604a89c185,3395f658f1,False,True,True
2021-02-20,62221f8a60,62221f8a60,71dd3f1350,False,True,True
2021-02-19,0c4be69b5e,0c4be69b5e,c5481d3b19,False,True,True
2021-02-19,2264d2e99a,2264d2e99a,85051ba430,False,True,True
2021-02-19,c55c8ee01b,c55c8ee01b,b12e976cc4,False,True,True
2021-02-18,0a280793c7,0a280793c7,c3474364a1,False,True,True
2021-02-17,083efd5825,083efd5825,c6ac0551bb,False,True,True
2021-02-17,e139a539f6,e139a539f6,e88f9eeb4e,False,True,True
2021-02-16,186c620f59,186c620f59,9b1522291b,False,True,True
2021-02-14,1106145ee7,1106145ee7,46260a4627,False,True,True
2021-02-11,88c1b7fc99,88c1b7fc99,76de3cfe21,False,True,True
2021-02-10,8815e76b4d,8815e76b4d,d1f7007153,False,True,True
2021-02-10,12fb6be170,12fb6be170,555f2a6293,False,True,True
2021-02-06,be10f35a8d,be10f35a8d,9d11fd4ba9,False,True,True
2021-02-06,79c1ea813a,79c1ea813a,2a6df4f511,False,True,True
2021-02-06,f954cec3df,f954cec3df,dbc52521e2,False,True,True
2021-02-05,082cf62da7,082cf62da7,a4341d7977,False,True,True
2021-02-05,9486d6797f,9486d6797f,d4c0481163,False,True,True
2021-02-05,c82c9b3f99,c82c9b3f99,aa6291f0ae,False,True,True
2021-02-05,4d93f36fdc,4d93f36fdc,ecb2f1b0b9,False,True,True
2021-02-05,b6d7d9569e,b6d7d9569e,a23eb10815,False,True,True
2021-02-05,3db7a68b42,3db7a68b42,c1dce34533,False,True,True
2021-02-05,1bbfae644f,1bbfae644f,c29d00c222,False,True,True
2021-02-04,e76625cb26,e76625cb26,1fdf534fac,False,True,True
2021-02-04,ffaef4936c,ffaef4936c,d21dc826c7,False,True,True
2021-02-04,7aa028ed2f,7aa028ed2f,df7d0f65fd,False,True,True
2021-02-04,92d97f4cc5,92d97f4cc5,30069c7cf5,False,True,True
2021-02-04,73e718c5eb,73e718c5eb,0c7aa29b20,False,True,True
2021-02-03,545ed50f83,545ed50f83,223262ea3b,False,True,True
2021-02-03,e6ab402c42,e6ab402c42,f5ac9a162d,False,True,True
2021-02-01,a7d2edd333,a7d2edd333,3e05bbc1f3,False,True,True
2021-02-01,1d39c2aabc,1d39c2aabc,8718d229a1,False,True,True
2021-01-31,752af03899,752af03899,5030db24b4,False,True,True
2021-01-31,9419b178bc,9419b178bc,c3af8fa7de,False,True,True
2021-01-31,e47485a9d1,e47485a9d1,4e08d97ecb,False,True,True
2021-01-30,b28c427cb6,b28c427cb6,585c8118d0,False,True,True
2021-01-30,3bb0c18544,3bb0c18544,1492c467f6,False,True,True
2021-01-30,854933169e,854933169e,9b366ff139,False,True,True
2021-01-29,1941081059,1941081059,5d6445596c,False,True,True
2021-01-29,bd65035cbb,bd65035cbb,205c202b63,False,True,True
2021-01-28,8115dd11c8,8115dd11c8,120e75794f,False,True,True
2021-01-28,d8b13c0fa2,d8b13c0fa2,b7a64f1149,False,True,True
2021-01-27,7f047a95f4,7f047a95f4,1990e0cc3c,False,True,True
2021-01-27,46d861847e,46d861847e,2ddfeadb57,False,True,True
2021-01-26,5e3e37e7ed,5e3e37e7ed,774c739e3e,False,True,True
2021-01-26,490da6b073,490da6b073,48a5a02063,False,True,True
2021-01-26,f885f3ab4c,f885f3ab4c,3133fa6044,False,True,True
2021-01-26,82021f4287,82021f4287,7f7a5ef4f6,False,True,True
2021-01-26,adc970c2ca,adc970c2ca,508339b8d2,False,True,True
2021-01-24,83ab2e5555,83ab2e5555,df453b1e1b,False,True,True
2021-01-22,3c631de0d0,3c631de0d0,68bce395c6,False,True,True
2021-01-22,55102eb548,55102eb548,db73d75d66,False,True,True
2021-01-21,9fb5118990,9fb5118990,61ceac2768,False,True,True
2021-01-20,f0cbf08cb0,f0cbf08cb0,c339129ddc,False,True,True
2021-01-20,f5517f9e14,f5517f9e14,1cc19ded8f,False,True,True
2021-01-20,757a56af9c,757a56af9c,c58007dffa,False,True,True
2021-01-20,84c07a9bc3,84c07a9bc3,e717fb3863,False,True,True
2021-01-20,45aa7f732b,76e3aeb5ea,34d8c902c3,False,True,False
2021-01-20,2236e39eeb,2236e39eeb,662572d60d,False,False,False
2021-01-19,44008c4b67,44008c4b67,dcfedff83b,False,True,True
2021-01-19,79bb2f2d5a,79bb2f2d5a,08679329cb,False,True,True
2021-01-19,31ed0621c7,31ed0621c7,91ab60e168,False,True,True
2021-01-19,3fbf405a26,3fbf405a26,0d902b6b8f,False,True,True
2021-01-15,03eee6f2d5,03eee6f2d5,d820045cd8,False,True,True
2021-01-15,d5ddcacc84,d5ddcacc84,7b2f0a5a62,False,True,True
2021-01-13,5c91b395d6,5c91b395d6,94c466581b,False,True,True
2021-01-13,74fbca5663,74fbca5663,2dd5321685,False,True,True
2021-01-13,f115c3919b,f115c3919b,ad2ef90aaf,False,True,True
2021-01-13,5e8dc62b94,5e8dc62b94,1cf65503f4,False,True,True
2021-01-12,e6a9f97c9b,e6a9f97c9b,cdb35505ce,False,True,True
2021-01-11,9aaa52cf66,9aaa52cf66,e2a84c593b,False,True,True
2021-01-11,3852ee16a0,3852ee16a0,e6d08c04be,False,True,True
2021-01-11,e91df21e55,e91df21e55,6b8f477c6a,False,True,True
2021-01-10,00b11f267a,00b11f267a,79f902ce56,False,False,True
2021-01-10,ac77df82c0,ac77df82c0,d87d713328,False,True,True
2021-01-02,e106ce9031,e106ce9031,b3e0e3e63d,False,True,True
2021-01-01,40cc287400,40cc287400,f54d7e6521,False,True,True
2020-12-31,ba22e7e70d,ba22e7e70d,dbfdad30d6,False,True,True
2020-12-31,13749ea1e4,13749ea1e4,bddd1afc98,False,True,True
2024-06-14,2a4940986a,23ab085cce,90b696fdfa,False,True,False
2024-06-14,c0517ad075,c0517ad075,ee4ba3cf28,False,True,False
2024-06-14,98e9c64afd,98e9c64afd,08d28517a1,False,True,False
2020-12-29,c53cc72395,c53cc72395,fb4e3fd5dc,False,True,True
2020-12-28,163cbbfe21,163cbbfe21,2b88b3df41,False,True,True
2020-12-28,dbd53f9f80,dbd53f9f80,71f6752afe,False,True,True
2020-12-28,85ac5a6f56,85ac5a6f56,95599f3d8a,False,True,True
2020-12-28,87e251b85e,87e251b85e,4779438f87,False,True,True
2020-12-26,3e241b21da,3e241b21da,f1a3116d2b,False,True,True
2020-12-26,0c3b8e5d1e,0c3b8e5d1e,53de551419,False,True,True
2020-12-26,cf37937969,cf37937969,afe1de9bdd,False,True,True
2020-12-24,873a80fed4,873a80fed4,9f61f5385f,False,True,True
2020-12-24,9909e69874,9909e69874,0d5e517c0f,False,True,True
2020-12-24,516784164a,516784164a,b1d5baaea2,False,True,True
2020-12-24,c1d163beac,c1d163beac,9ab98c7de4,False,True,True
2020-12-23,43ef6a3902,43ef6a3902,90ac7ff4b2,False,True,True
2020-12-23,c01e58b3e4,c01e58b3e4,eb398740a2,False,True,True
2020-12-22,73e6ad86d2,73e6ad86d2,8d8e53857e,False,True,True
2020-12-22,52b966eb51,52b966eb51,a67e0b1890,False,True,True
2020-12-22,515bbc29ae,515bbc29ae,7384663130,False,True,True
2020-12-22,616ebd1b13,616ebd1b13,3049c0f45d,False,True,True
2020-12-22,e797ce3fb7,e797ce3fb7,6cfb7717c3,False,True,True
2020-12-22,c0e3381a4d,c0e3381a4d,084eb8903b,False,True,True
2020-12-22,403c4bbf47,403c4bbf47,34ed902e66,False,True,True
2020-12-22,8a8d0b7e5c,8a8d0b7e5c,983d1effcf,False,True,True
2020-12-22,e42c3f83a9,e42c3f83a9,87b15307bd,False,True,True
2020-12-21,f8161d26a4,f8161d26a4,6a10bff37e,False,True,True
2020-12-21,a6bfe3e483,a6bfe3e483,68d2f98eb4,False,True,True
2020-12-21,9dfb840c8a,9dfb840c8a,20c7efd136,False,True,True
2020-12-21,82f87ddd5b,82f87ddd5b,6a55bc2e30,False,True,True
2020-12-21,772e62dfaa,772e62dfaa,4629c4dacf,False,True,True
2020-12-20,6d9a548b93,6d9a548b93,09d146cbc2,False,True,True
2020-12-20,7c69988106,7c69988106,f3027745f4,False,True,True
2020-12-20,94ef018d6e,94ef018d6e,2d2329a2e6,False,True,True
2020-12-19,fcd55b598b,fcd55b598b,b5413a9fd0,False,True,True
2020-12-19,ff9858aa87,ff9858aa87,dc492c04b8,False,True,True
2020-12-18,987b719048,987b719048,d161f96648,False,True,True
2020-12-18,7f2caac0b7,7f2caac0b7,3221d201d9,False,True,True
2020-12-17,1072bcfa73,1072bcfa73,f244eae9d4,False,True,True
2020-12-16,dabe98f09e,dabe98f09e,c40e4111b7,False,True,True
2020-12-16,4380d4a9da,4380d4a9da,aed29b2882,False,False,True
2020-12-16,0334bcb1bf,0334bcb1bf,00ae994c96,False,True,True
2020-12-16,8453fd3ad0,8453fd3ad0,1bf026e164,False,True,True
2020-12-16,d1437a3fb3,d1437a3fb3,5094b44064,False,True,True
2020-12-16,4bb18eb3b5,4bb18eb3b5,7d33a00785,False,True,True
2020-12-16,75bf10e0d8,75bf10e0d8,961ff0679e,False,True,True
2020-12-16,613394afab,613394afab,80077e8579,False,True,True
2020-12-16,170d2a49ad,170d2a49ad,249695ba60,False,True,True
2020-12-15,629540028c,629540028c,712df88fed,False,True,True
2020-12-15,dc01e79388,dc01e79388,44a3086f0c,False,True,True
2020-12-15,d8f7ea4c27,d8f7ea4c27,d896a270d1,False,True,True
2020-12-15,db526ff5be,db526ff5be,7824f924ff,False,True,True
2020-12-15,52c815e750,52c815e750,87f7d25ee5,False,True,True
2020-12-15,1c3a585475,1c3a585475,e7afbda5de,False,True,True
2020-12-15,a08848052f,a08848052f,9dddd99a61,False,True,True
2020-12-15,152ad612dd,152ad612dd,185f2b58a5,False,True,True
2020-12-15,4e503b3728,4e503b3728,524493af12,False,True,True
2020-12-14,f251f9b6fa,f251f9b6fa,4314ee888b,False,True,True
2020-12-14,d542b6ae40,d542b6ae40,1055e39040,False,True,True
2020-12-14,ac440aa6ea,ac440aa6ea,4dabb8fede,False,True,True
2020-12-14,c0b90e9341,c0b90e9341,085b446b3a,False,True,True
2020-12-14,4811a207e6,4811a207e6,d998eaab19,False,True,True
2020-12-14,c0470e407e,c0470e407e,cedddf6b42,False,True,True
2020-12-14,7e6a9fa53a,7e6a9fa53a,8c1808e92f,False,True,True
2020-12-14,6909faf4a2,6909faf4a2,e1855796a2,False,True,True
2020-12-14,68f943a753,68f943a753,db03730294,False,True,True
2020-12-14,eddacf6b09,eddacf6b09,bd22119724,False,True,True
2020-12-14,fd2bd91709,fd2bd91709,a507b6dbd2,False,True,True
2020-12-14,046f4866b6,046f4866b6,a88dff202c,False,True,True
2020-12-14,35f9518559,35f9518559,4f68419085,False,True,True
2020-12-14,0b58ebfba2,0b58ebfba2,db7b163ba3,False,True,True
2020-12-14,186e4fa788,186e4fa788,f3f2422879,False,True,True
2020-12-14,7dc08328bb,7dc08328bb,1975a59c7d,False,True,True
2020-12-13,35eac0f232,35eac0f232,b4ed3be60f,False,True,True
2020-12-13,3c06d69190,3c06d69190,f7a38bafd3,False,True,True
2020-12-13,b05a633029,b05a633029,a0820feb49,False,True,True
2020-12-13,f885b30515,f885b30515,a3b640fa9a,False,True,True
2020-12-12,1bc773587f,1bc773587f,ffad145807,False,True,True
2020-12-12,3e95f1fcb0,3e95f1fcb0,a32be783e6,False,True,True
2020-12-12,bb8cd95437,bb8cd95437,32ccecccaa,False,True,True
2020-12-12,331b987f8b,331b987f8b,ac2f4ed523,False,True,True
2020-12-12,41a74d38d8,41a74d38d8,38fabd2896,False,True,True
2020-12-11,1860bfd099,1860bfd099,9b08e9016f,False,True,True
2020-12-10,5ff1c0d07d,5ff1c0d07d,a0348911db,False,True,True
2020-12-10,a3eef44efe,a3eef44efe,5edf3f01f3,False,True,True
2020-12-10,d6c8e48a8e,d6c8e48a8e,21ee684371,False,True,True
2020-12-10,4250ee1e16,4250ee1e16,b6fd5fc7be,False,True,True
2020-12-09,a07a335c0b,a07a335c0b,d5c1002edf,False,True,True
2020-12-09,0af806fb49,0af806fb49,b8f6bd27de,False,True,True
2020-12-09,29a28254ff,29a28254ff,7639f6a099,False,True,True
2020-12-09,1f74759b80,1f74759b80,777c639f3c,False,True,True
2020-12-09,6ed3250e70,6ed3250e70,0f13fa0a7b,False,True,True
2020-12-09,50c7883b56,50c7883b56,debb1ee424,False,True,True
2020-12-09,fdf5c3280e,fdf5c3280e,2c0be81985,False,True,True
2020-12-08,14c438234a,14c438234a,8f795c4d31,False,True,True
2020-12-08,7a014d2ec1,7a014d2ec1,f75908ed24,False,True,True
2020-12-08,194e635a6e,194e635a6e,918d9d554e,False,True,True
2020-12-08,dcd3b90522,dcd3b90522,e14fa7d839,False,True,True
2020-12-08,12e22cf439,12e22cf439,21294fda2e,False,True,True
2020-12-08,071c0fdcec,071c0fdcec,759cef4f28,False,True,True
2020-12-07,9eef4bc65c,9eef4bc65c,e962d58d76,False,True,True
2020-12-06,a08dcef4f6,a08dcef4f6,964ab1b614,False,True,True
2020-12-06,e2c934ccea,e2c934ccea,2b0a997526,False,True,True
2020-12-05,926c7f34ef,926c7f34ef,86a06a24b4,False,True,True
2020-12-05,8c62db8ee8,8c62db8ee8,075ac3cdcd,False,True,True
2020-12-05,c5aba69471,c5aba69471,af0e50a1cd,False,True,True
2020-12-05,c4b4625a72,c4b4625a72,36eed70a36,False,True,True
2020-12-05,b6badf21ae,b6badf21ae,8df4b2e88f,False,True,True
2020-12-05,94ff89bfc4,94ff89bfc4,ed81e48d64,False,True,True
2020-12-05,6f6e153a85,6f6e153a85,9433d4b27d,False,True,True
2020-12-05,ad59ab0d7c,ad59ab0d7c,2641cc9bb9,False,True,True
2020-12-04,42232609b9,42232609b9,8d7a7716b1,False,True,True
2020-12-04,8f223fb8f2,8f223fb8f2,d01d961dc5,False,True,True
2020-12-04,ff32de6e7f,ff32de6e7f,b1e49a2723,False,True,True
2020-12-04,d6cba5c3c1,d6cba5c3c1,bcc3abfccc,False,True,True
2020-12-04,7266883b41,7266883b41,b45fb9ca37,False,True,True
2020-12-04,1a90358d5d,1a90358d5d,25c0d09e1b,False,True,True
2020-12-04,c49d37bba8,c49d37bba8,9ea72ff52d,False,True,True
2020-12-04,540f9aa1ea,540f9aa1ea,6eb7a64c4c,False,True,True
2020-12-03,f896bb27d6,f896bb27d6,b04ee3cde0,False,True,True
2020-12-03,4a879fcd2c,4a879fcd2c,82c392b40f,False,True,True
2020-12-03,e74e72a938,e74e72a938,6ad3a613e9,False,True,True
2020-12-03,07ba3cd171,07ba3cd171,acfcd53a35,False,True,True
2020-12-03,f4c9f9579b,f4c9f9579b,46b0c8837c,False,True,True
2020-12-02,e8b58abffc,e8b58abffc,5c415096e7,False,True,True
2020-12-02,983a1e596b,983a1e596b,ede0860df7,False,True,True
2020-12-02,6f9d3a1447,6f9d3a1447,5543739b44,False,True,True
2020-12-01,c2ea02b7c4,c2ea02b7c4,b7a6ac83e4,False,True,True
2020-12-01,892e9c63ec,892e9c63ec,3759a62817,False,True,True
2020-12-01,599c2f68ef,599c2f68ef,b8efa90da2,False,True,True
2020-12-01,574aa62fa8,574aa62fa8,a37d517d72,False,True,True
2020-12-01,5c047e392f,5c047e392f,9b5f658c1a,False,True,True
2020-12-01,a1f6fc8382,a1f6fc8382,1d5e309948,False,True,True
2020-12-01,a2da8b86fa,a2da8b86fa,48ab6d07e4,False,True,True
2020-11-30,8c712cd145,8c712cd145,86e4949ec4,False,True,True
2020-11-30,816185373a,816185373a,0413cc7489,False,True,True
2020-11-29,51e0d88e38,51e0d88e38,f088b5af66,False,True,True
2020-11-29,9561ec8ece,9561ec8ece,fdba553fa8,False,True,True
2020-11-29,62639da58c,62639da58c,9b51f2262f,False,True,True
2020-11-29,c96c677095,c96c677095,c92d63352b,False,True,True
2020-11-29,f649f24014,f649f24014,b985e2b824,False,False,True
2020-11-28,b64c7f7357,b64c7f7357,60bbae1520,False,True,True
2020-11-27,5a49b3d662,5a49b3d662,02621809ac,False,True,True
2020-11-27,4ce69bfcab,4ce69bfcab,51735abb70,False,True,True
2020-11-27,9d3d05e02f,9d3d05e02f,b47c054088,False,True,True
2020-11-27,89298b165d,89298b165d,2459bed78b,False,True,True
2020-11-27,745a41fcf0,745a41fcf0,5011a77e88,False,True,True
2020-11-25,35341e6a06,35341e6a06,fca2079f0a,False,True,True
2020-11-25,c9a9dbcede,c9a9dbcede,f9dce549b2,False,True,True
2020-11-25,551d4607ae,551d4607ae,20bb9cccde,False,True,True
2020-11-25,5c20467600,5c20467600,17efcbe14a,False,True,True
2020-11-25,e2ff1c2b7e,e2ff1c2b7e,13e323b926,False,True,True
2020-11-24,ec1e684281,ec1e684281,ea53c4cfb7,False,True,True
